target_chembl_id,target_pref_name,molecule_chembl_id,parent_molecule_chembl_id,canonical_smiles,pchembl_value,standard_type,standard_relation,standard_value,standard_units,assay_chembl_id,assay_type,bao_format,document_chembl_id,document_journal,document_year
CHEMBL217,D(2) dopamine receptor,CHEMBL303519,CHEMBL303519,c1cnc(N2CCN(Cc3cccc4c3Cc3ccccc3-4)CC2)nc1,5.01,IC50,=,9800.0,nM,CHEMBL671073,B,BAO_0000219,CHEMBL1130912,Bioorg Med Chem Lett,1998
CHEMBL217,D(2) dopamine receptor,CHEMBL292943,CHEMBL292943,COc1ccc(-c2cccc(CN3CCN(c4ncccn4)CC3)c2)cc1,7.30,IC50,=,50.0,nM,CHEMBL671073,B,BAO_0000219,CHEMBL1130912,Bioorg Med Chem Lett,1998
CHEMBL217,D(2) dopamine receptor,CHEMBL61682,CHEMBL61682,Fc1ccc(-c2cncc(CN3CCN(c4ccccc4F)CC3)c2)cc1,7.60,IC50,=,25.0,nM,CHEMBL671073,B,BAO_0000219,CHEMBL1130912,Bioorg Med Chem Lett,1998
CHEMBL217,D(2) dopamine receptor,CHEMBL64487,CHEMBL64487,COc1ccccc1-c1cccc(CN2CCN(c3ncccn3)CC2)c1,6.44,IC50,=,360.0,nM,CHEMBL671073,B,BAO_0000219,CHEMBL1130912,Bioorg Med Chem Lett,1998
CHEMBL217,D(2) dopamine receptor,CHEMBL64597,CHEMBL64597,c1cnc(N2CCN(Cc3cccc(-c4ccsc4)c3)CC2)nc1,6.52,IC50,=,300.0,nM,CHEMBL671073,B,BAO_0000219,CHEMBL1130912,Bioorg Med Chem Lett,1998
CHEMBL217,D(2) dopamine receptor,CHEMBL291824,CHEMBL291824,Fc1ccc(-c2cncc(CN3CCN(c4ccc(F)cc4)CC3)c2)cc1,7.16,IC50,=,70.0,nM,CHEMBL671073,B,BAO_0000219,CHEMBL1130912,Bioorg Med Chem Lett,1998
CHEMBL217,D(2) dopamine receptor,CHEMBL59942,CHEMBL59942,Fc1ccc(-c2cccc(CN3CCN(c4ncccn4)CC3)c2)cc1,7.31,IC50,=,49.0,nM,CHEMBL671073,B,BAO_0000219,CHEMBL1130912,Bioorg Med Chem Lett,1998
CHEMBL217,D(2) dopamine receptor,CHEMBL61657,CHEMBL61657,Fc1ccc(-c2cncc(CN3CCN(c4ccccn4)CC3)c2)cc1,7.22,IC50,=,60.0,nM,CHEMBL671073,B,BAO_0000219,CHEMBL1130912,Bioorg Med Chem Lett,1998
CHEMBL217,D(2) dopamine receptor,CHEMBL302183,CHEMBL302183,Fc1ccc(-c2cncc(CN3CCN(c4ncccn4)CC3)c2)cc1,6.92,IC50,=,120.0,nM,CHEMBL671073,B,BAO_0000219,CHEMBL1130912,Bioorg Med Chem Lett,1998
CHEMBL217,D(2) dopamine receptor,CHEMBL304692,CHEMBL304692,c1cnc(N2CCN(Cc3cccc4c3-c3ccccc3C4)CC2)nc1,5.64,IC50,=,2300.0,nM,CHEMBL671073,B,BAO_0000219,CHEMBL1130912,Bioorg Med Chem Lett,1998
CHEMBL217,D(2) dopamine receptor,CHEMBL555670,CHEMBL267014,Cl.Clc1ccc(N2CCN(Cc3c[nH]c4ncccc34)CC2)cc1,6.44,IC50,=,360.0,nM,CHEMBL671073,B,BAO_0000219,CHEMBL1130912,Bioorg Med Chem Lett,1998
CHEMBL217,D(2) dopamine receptor,CHEMBL291380,CHEMBL291380,Fc1ccccc1-c1cccc(CN2CCN(c3ncccn3)CC2)c1,6.60,IC50,=,250.0,nM,CHEMBL671073,B,BAO_0000219,CHEMBL1130912,Bioorg Med Chem Lett,1998
CHEMBL217,D(2) dopamine receptor,CHEMBL64671,CHEMBL64671,COc1cccc(-c2cccc(CN3CCN(c4ncccn4)CC3)c2)c1,6.31,IC50,=,490.0,nM,CHEMBL671073,B,BAO_0000219,CHEMBL1130912,Bioorg Med Chem Lett,1998
CHEMBL217,D(2) dopamine receptor,CHEMBL62829,CHEMBL62829,Fc1cccc(-c2cccc(CN3CCN(c4ncccn4)CC3)c2)c1,7.09,IC50,=,81.0,nM,CHEMBL671073,B,BAO_0000219,CHEMBL1130912,Bioorg Med Chem Lett,1998
CHEMBL217,D(2) dopamine receptor,CHEMBL64119,CHEMBL1179189,CC(C)Oc1cccnc1N(C)C1CCN(Cc2ccccc2)CC1.O=C(O)/C=C\C(=O)O,6.21,IC50,=,620.0,nM,CHEMBL671073,B,BAO_0000219,CHEMBL1130912,Bioorg Med Chem Lett,1998
CHEMBL217,D(2) dopamine receptor,CHEMBL302904,CHEMBL302904,Fc1ccc(-c2cncc(CN3CCN(c4ccccc4)CC3)c2)cc1,7.64,IC50,=,23.0,nM,CHEMBL671073,B,BAO_0000219,CHEMBL1130912,Bioorg Med Chem Lett,1998
CHEMBL217,D(2) dopamine receptor,CHEMBL60957,CHEMBL60957,Fc1ccc(-c2cncc(CN3CCN(c4cnccn4)CC3)c2)cc1,6.35,IC50,=,450.0,nM,CHEMBL671073,B,BAO_0000219,CHEMBL1130912,Bioorg Med Chem Lett,1998
CHEMBL217,D(2) dopamine receptor,CHEMBL1204116,CHEMBL302075,Br.Clc1ccc(N2CCN(C[C@H]3C[C@@H]3c3ccccc3)CC2)c(Cl)c1,7.19,IC50,=,65.0,nM,CHEMBL671074,B,BAO_0000357,CHEMBL1133592,J Med Chem,2000
CHEMBL217,D(2) dopamine receptor,CHEMBL42,CHEMBL42,CN1CCN(C2=Nc3cc(Cl)ccc3Nc3ccccc32)CC1,6.95,IC50,=,113.0,nM,CHEMBL671074,B,BAO_0000357,CHEMBL1133592,J Med Chem,2000
CHEMBL217,D(2) dopamine receptor,CHEMBL1203260,CHEMBL126318,Cl.c1ccc([C@H]2C[C@@H]2CN2CCN(c3ccccn3)CC2)cc1,6.58,IC50,=,263.0,nM,CHEMBL671074,B,BAO_0000357,CHEMBL1133592,J Med Chem,2000
CHEMBL217,D(2) dopamine receptor,CHEMBL1202222,CHEMBL126792,Br.Fc1ccc([C@H]2C[C@@H]2CN2CCN(c3ccc(Cl)cc3)CC2)cc1,6.70,IC50,=,202.0,nM,CHEMBL671074,B,BAO_0000357,CHEMBL1133592,J Med Chem,2000
CHEMBL217,D(2) dopamine receptor,CHEMBL2092961,CHEMBL2109988,Br.Cc1ccc(N2CCN(CC3CC3c3ccccc3)CC2)c(C)c1,7.22,IC50,=,60.0,nM,CHEMBL671074,B,BAO_0000357,CHEMBL1133592,J Med Chem,2000
CHEMBL217,D(2) dopamine receptor,CHEMBL1202211,CHEMBL126032,Br.COc1cc(Cl)ccc1N1CCN(C[C@H]2C[C@@H]2c2ccccc2)CC1,7.77,IC50,=,17.0,nM,CHEMBL671074,B,BAO_0000357,CHEMBL1133592,J Med Chem,2000
CHEMBL217,D(2) dopamine receptor,CHEMBL1202213,CHEMBL341310,Br.Clc1cccc(N2CCN(C[C@H]3C[C@@H]3c3ccccc3)CC2)c1Cl,8.70,IC50,=,2.0,nM,CHEMBL671074,B,BAO_0000357,CHEMBL1133592,J Med Chem,2000
CHEMBL217,D(2) dopamine receptor,CHEMBL125455,CHEMBL125455,Clc1ccc(N2CCN(C[C@@H]3C[C@H]3c3ccccc3)CC2)c(Cl)c1,7.19,IC50,=,64.0,nM,CHEMBL671074,B,BAO_0000357,CHEMBL1133592,J Med Chem,2000
CHEMBL217,D(2) dopamine receptor,CHEMBL1202216,CHEMBL126509,Br.COc1ccccc1N1CCN(C[C@H]2C[C@@H]2c2ccccc2)CC1,8.30,IC50,=,5.0,nM,CHEMBL671074,B,BAO_0000357,CHEMBL1133592,J Med Chem,2000
CHEMBL217,D(2) dopamine receptor,CHEMBL1202217,CHEMBL125910,Br.COc1cccc(N2CCN(C[C@H]3C[C@@H]3c3ccccc3)CC2)c1,6.77,IC50,=,171.0,nM,CHEMBL671074,B,BAO_0000357,CHEMBL1133592,J Med Chem,2000
CHEMBL217,D(2) dopamine receptor,CHEMBL1202202,CHEMBL126126,Br.Oc1ccc([C@H]2C[C@@H]2CN2CCN(c3ccc(Cl)cc3Cl)CC2)cc1,7.92,IC50,=,12.0,nM,CHEMBL671074,B,BAO_0000357,CHEMBL1133592,J Med Chem,2000
CHEMBL217,D(2) dopamine receptor,CHEMBL54,CHEMBL54,O=C(CCCN1CCC(O)(c2ccc(Cl)cc2)CC1)c1ccc(F)cc1,8.40,IC50,=,4.0,nM,CHEMBL671074,B,BAO_0000357,CHEMBL1133592,J Med Chem,2000
CHEMBL217,D(2) dopamine receptor,CHEMBL1202221,CHEMBL126182,Br.Clc1cccc(N2CCN(C[C@H]3C[C@@H]3c3ccccc3)CC2)c1,6.84,IC50,=,146.0,nM,CHEMBL671074,B,BAO_0000357,CHEMBL1133592,J Med Chem,2000
CHEMBL217,D(2) dopamine receptor,CHEMBL1202220,CHEMBL419610,Br.Clc1ccc(N2CCN(C[C@H]3C[C@@H]3c3ccccc3)CC2)cc1,6.61,IC50,=,246.0,nM,CHEMBL671074,B,BAO_0000357,CHEMBL1133592,J Med Chem,2000
CHEMBL217,D(2) dopamine receptor,CHEMBL1203257,CHEMBL126847,Cl.c1ccc([C@H]2C[C@@H]2CN2CCN(c3ncccn3)CC2)cc1,6.12,IC50,=,766.0,nM,CHEMBL671074,B,BAO_0000357,CHEMBL1133592,J Med Chem,2000
CHEMBL217,D(2) dopamine receptor,CHEMBL1202219,CHEMBL126322,Br.Fc1ccc([C@H]2C[C@@H]2CN2CCN(c3ccccc3Cl)CC2)cc1,7.89,IC50,=,13.0,nM,CHEMBL671074,B,BAO_0000357,CHEMBL1133592,J Med Chem,2000
CHEMBL217,D(2) dopamine receptor,CHEMBL1202210,CHEMBL338183,Br.Cc1cc(Cl)ccc1N1CCN(C[C@H]2C[C@@H]2c2ccccc2)CC1,6.89,IC50,=,128.0,nM,CHEMBL671074,B,BAO_0000357,CHEMBL1133592,J Med Chem,2000
CHEMBL217,D(2) dopamine receptor,CHEMBL341497,CHEMBL341497,c1ccc([C@H]2C[C@@H]2CN2CCN(c3ccccc3)CC2)cc1,7.43,IC50,=,37.0,nM,CHEMBL671074,B,BAO_0000357,CHEMBL1133592,J Med Chem,2000
CHEMBL217,D(2) dopamine receptor,CHEMBL1202215,CHEMBL126633,Br.Clc1ccccc1N1CCN(C[C@H]2C[C@@H]2c2ccccc2)CC1,8.30,IC50,=,5.0,nM,CHEMBL671074,B,BAO_0000357,CHEMBL1133592,J Med Chem,2000
CHEMBL217,D(2) dopamine receptor,CHEMBL1202212,CHEMBL126429,Br.Clc1ccc(N2CCN(C[C@H]3C[C@@H]3c3ccccc3)CC2)cc1Cl,6.68,IC50,=,208.0,nM,CHEMBL671074,B,BAO_0000357,CHEMBL1133592,J Med Chem,2000
CHEMBL217,D(2) dopamine receptor,CHEMBL1202209,CHEMBL339674,Br.Cc1cc(F)ccc1N1CCN(C[C@H]2C[C@@H]2c2ccccc2)CC1,7.17,IC50,=,68.0,nM,CHEMBL671074,B,BAO_0000357,CHEMBL1133592,J Med Chem,2000
CHEMBL217,D(2) dopamine receptor,CHEMBL1202204,CHEMBL337951,Br.COc1c(Cl)cc(N2CCN(C[C@H]3C[C@@H]3c3ccccc3)CC2)cc1Cl,6.64,IC50,=,228.0,nM,CHEMBL671074,B,BAO_0000357,CHEMBL1133592,J Med Chem,2000
CHEMBL217,D(2) dopamine receptor,CHEMBL1202206,CHEMBL129556,Br.COc1ccc([C@H]2C[C@@H]2CN2CCN(c3ccc(Cl)cc3Cl)CC2)cc1,8.15,IC50,=,7.0,nM,CHEMBL671074,B,BAO_0000357,CHEMBL1133592,J Med Chem,2000
CHEMBL217,D(2) dopamine receptor,CHEMBL1202208,CHEMBL126493,Br.Cc1ccc(N2CCN(C[C@@H]3C[C@H]3c3ccccc3)CC2)c(C)c1,7.14,IC50,=,73.0,nM,CHEMBL671074,B,BAO_0000357,CHEMBL1133592,J Med Chem,2000
CHEMBL217,D(2) dopamine receptor,CHEMBL1204119,CHEMBL338337,Br.Cc1ccc(N2CCN(C[C@H]3C[C@@H]3c3ccccc3)CC2)c(C)c1,7.35,IC50,=,45.0,nM,CHEMBL671074,B,BAO_0000357,CHEMBL1133592,J Med Chem,2000
CHEMBL217,D(2) dopamine receptor,CHEMBL1202205,CHEMBL126604,Br.COc1ccc(Cl)cc1N1CCN(C[C@H]2C[C@@H]2c2ccccc2)CC1,8.30,IC50,=,5.0,nM,CHEMBL671074,B,BAO_0000357,CHEMBL1133592,J Med Chem,2000
CHEMBL217,D(2) dopamine receptor,CHEMBL1202224,CHEMBL337983,Br.COc1ccc(N2CCN(C[C@H]3C[C@@H]3c3ccccc3)CC2)cc1,6.12,IC50,=,752.0,nM,CHEMBL671074,B,BAO_0000357,CHEMBL1133592,J Med Chem,2000
CHEMBL217,D(2) dopamine receptor,CHEMBL1202225,CHEMBL129324,Br.Clc1cc(Cl)cc(N2CCN(C[C@H]3C[C@@H]3c3ccccc3)CC2)c1,7.50,IC50,=,32.0,nM,CHEMBL671074,B,BAO_0000357,CHEMBL1133592,J Med Chem,2000
CHEMBL217,D(2) dopamine receptor,CHEMBL1202223,CHEMBL126793,Br.Fc1ccc([C@H]2C[C@@H]2CN2CCN(c3cccc(Cl)c3)CC2)cc1,7.25,IC50,=,56.0,nM,CHEMBL671074,B,BAO_0000357,CHEMBL1133592,J Med Chem,2000
CHEMBL217,D(2) dopamine receptor,CHEMBL1202214,CHEMBL126269,Br.Br.COc1cc(F)ccc1N1CCN(C[C@H]2C[C@@H]2c2ccccc2)CC1,8.00,IC50,=,10.0,nM,CHEMBL671074,B,BAO_0000357,CHEMBL1133592,J Med Chem,2000
CHEMBL217,D(2) dopamine receptor,CHEMBL22242,CHEMBL22242,CCN1CCC[C@H]1CNC(=O)c1c(OC)ccc(Br)c1OC,6.06,IC50,=,880.0,nM,CHEMBL671074,B,BAO_0000357,CHEMBL1133592,J Med Chem,2000
CHEMBL217,D(2) dopamine receptor,CHEMBL831,CHEMBL831,CN1CCN(C2=Nc3ccccc3Oc3ccc(Cl)cc32)CC1,7.27,IC50,=,54.0,nM,CHEMBL884444,B,BAO_0000357,CHEMBL1132638,J Med Chem,1999
CHEMBL217,D(2) dopamine receptor,CHEMBL415300,CHEMBL415300,CN1CCN(C2=Nc3ccccc3Nc3ccc(Cl)cc32)CC1,7.47,IC50,=,34.0,nM,CHEMBL671075,B,BAO_0000357,CHEMBL1132638,J Med Chem,1999
CHEMBL217,D(2) dopamine receptor,CHEMBL72292,CHEMBL72292,CN1CCN(C2=Nc3ccccc3Nc3ccc(OS(=O)(=O)C(F)(F)F)cc32)CC1,6.85,IC50,=,140.0,nM,CHEMBL671075,B,BAO_0000357,CHEMBL1132638,J Med Chem,1999
CHEMBL217,D(2) dopamine receptor,CHEMBL42,CHEMBL42,CN1CCN(C2=Nc3cc(Cl)ccc3Nc3ccccc32)CC1,6.58,IC50,=,260.0,nM,CHEMBL671075,B,BAO_0000357,CHEMBL1132638,J Med Chem,1999
CHEMBL217,D(2) dopamine receptor,CHEMBL81485,CHEMBL81485,CNCC1CC2c3ccccc3Cc3ccccc3N2O1,5.77,IC50,=,1698.24,nM,CHEMBL857158,B,BAO_0000357,CHEMBL1135380,Bioorg Med Chem Lett,2002
CHEMBL217,D(2) dopamine receptor,CHEMBL70319,CHEMBL70319,CN1CCN(C2=Nc3cc(Cl)ccc3Nc3ccc(OS(=O)(=O)C(F)(F)F)cc32)CC1,7.52,IC50,=,30.0,nM,CHEMBL671075,B,BAO_0000357,CHEMBL1132638,J Med Chem,1999
CHEMBL217,D(2) dopamine receptor,CHEMBL54,CHEMBL54,O=C(CCCN1CCC(O)(c2ccc(Cl)cc2)CC1)c1ccc(F)cc1,8.31,IC50,=,4.9,nM,CHEMBL671075,B,BAO_0000357,CHEMBL1132638,J Med Chem,1999
CHEMBL217,D(2) dopamine receptor,CHEMBL73589,CHEMBL73589,CN1CCN(C2=Nc3ccccc3Sc3ccc(OS(=O)(=O)C(F)(F)F)cc32)CC1,7.64,IC50,=,23.0,nM,CHEMBL671075,B,BAO_0000357,CHEMBL1132638,J Med Chem,1999
CHEMBL217,D(2) dopamine receptor,CHEMBL83658,CHEMBL83658,CN(C)CC1CC2c3ccccc3Cc3ccccc3N2O1,6.06,IC50,=,870.96,nM,CHEMBL857158,B,BAO_0000357,CHEMBL1135380,Bioorg Med Chem Lett,2002
CHEMBL217,D(2) dopamine receptor,CHEMBL313189,CHEMBL313189,CN(C)CCC1CC2c3ccccc3Cc3ccccc3N2O1,5.02,IC50,=,9549.93,nM,CHEMBL857158,B,BAO_0000357,CHEMBL1135380,Bioorg Med Chem Lett,2002
CHEMBL217,D(2) dopamine receptor,CHEMBL430798,CHEMBL430798,CN1CCN(C2=Nc3ccccc3Oc3ccc(OS(=O)(=O)C(F)(F)F)cc32)CC1,7.28,IC50,=,52.0,nM,CHEMBL671075,B,BAO_0000357,CHEMBL1132638,J Med Chem,1999
CHEMBL217,D(2) dopamine receptor,CHEMBL6437,CHEMBL6437,CN1CCN2c3ccccc3Cc3ccccc3C2C1,5.15,IC50,=,7079.46,nM,CHEMBL857158,B,BAO_0000357,CHEMBL1135380,Bioorg Med Chem Lett,2002
CHEMBL217,D(2) dopamine receptor,CHEMBL19331,CHEMBL19331,Oc1ccc2c(c1)CCN2,5.99,IC50,=,1030.0,nM,CHEMBL671650,B,BAO_0000357,CHEMBL1129926,Bioorg Med Chem Lett,1997
CHEMBL217,D(2) dopamine receptor,CHEMBL2303762,CHEMBL2303762,OC[C@H]1O[C@H](Oc2ccc(CC3NCCc4cc(O)c(O)cc43)cc2)[C@H](O)[C@H](O)[C@H]1O,5.62,IC50,=,2420.0,nM,CHEMBL671650,B,BAO_0000357,CHEMBL1129926,Bioorg Med Chem Lett,1997
CHEMBL217,D(2) dopamine receptor,CHEMBL349034,CHEMBL349034,Fc1ccc(N2CCN(CC[C@H]3CC[C@H](Nc4ncccn4)CC3)CC2)cc1,7.10,IC50,=,79.0,nM,CHEMBL670114,B,BAO_0000219,CHEMBL1131565,J Med Chem,1998
CHEMBL217,D(2) dopamine receptor,CHEMBL164792,CHEMBL164792,COc1ccccc1N1CCN(CC[C@H]2CC[C@H](Nc3ncccn3)CC2)CC1,8.00,IC50,=,9.9,nM,CHEMBL670114,B,BAO_0000219,CHEMBL1131565,J Med Chem,1998
CHEMBL217,D(2) dopamine receptor,CHEMBL331077,CHEMBL331077,CN(C)CC1CC2c3ccccc3Cc3ccncc3N2O1,5.72,IC50,=,1905.46,nM,CHEMBL672502,B,BAO_0000357,CHEMBL1135009,Bioorg Med Chem Lett,2002
CHEMBL217,D(2) dopamine receptor,CHEMBL83658,CHEMBL83658,CN(C)CC1CC2c3ccccc3Cc3ccccc3N2O1,6.06,IC50,=,870.96,nM,CHEMBL672502,B,BAO_0000357,CHEMBL1135009,Bioorg Med Chem Lett,2002
CHEMBL217,D(2) dopamine receptor,CHEMBL315772,CHEMBL315772,CN(C)CC1CC2c3ccccc3Cc3ccc(Cl)cc3N2O1,8.06,IC50,=,8.71,nM,CHEMBL672502,B,BAO_0000357,CHEMBL1135009,Bioorg Med Chem Lett,2002
CHEMBL217,D(2) dopamine receptor,CHEMBL553331,CHEMBL1194812,Cl.Cl.Cn1c(=O)c2c(ncn2CCCN2CCN(C(c3ccc(F)cc3)c3ccc(F)cc3)CC2)n(C)c1=O,7.37,IC50,=,43.0,nM,CHEMBL671744,B,BAO_0000357,CHEMBL1128457,J Med Chem,1995
CHEMBL217,D(2) dopamine receptor,CHEMBL305660,CHEMBL305660,CC(C)(C)c1ccc(C(=O)CCCN2CCC(OC(c3ccccc3)c3ccccc3)CC2)cc1,7.21,IC50,=,61.0,nM,CHEMBL671744,B,BAO_0000357,CHEMBL1128457,J Med Chem,1995
CHEMBL217,D(2) dopamine receptor,CHEMBL338611,CHEMBL1184199,Cn1c(=O)c2c(ncn2CCCN2CCC(C(c3ccccc3)c3ccccc3)CC2)n(C)c1=O.O=C(O)/C=C/C(=O)O,7.39,IC50,=,41.0,nM,CHEMBL671744,B,BAO_0000357,CHEMBL1128457,J Med Chem,1995
CHEMBL217,D(2) dopamine receptor,CHEMBL14376,CHEMBL14376,COc1cc(C(C)=O)ccc1OCCCN1CCC(c2noc3cc(F)ccc23)CC1,6.96,IC50,=,110.0,nM,CHEMBL671343,B,BAO_0000357,CHEMBL1128281,J Med Chem,1995
CHEMBL217,D(2) dopamine receptor,CHEMBL11425,CHEMBL11425,O=C1CC2(CCCC2)CC(=O)N1CCCCNCC1COc2ccccc2C1,7.17,IC50,=,67.61,nM,CHEMBL670073,B,BAO_0000357,CHEMBL1129704,Bioorg Med Chem Lett,1996
CHEMBL217,D(2) dopamine receptor,CHEMBL11265,CHEMBL11265,COc1cccc2c1CC1(CCCN1CCCCN1C(=O)CC3(CCCC3)CC1=O)CO2,5.96,IC50,=,1096.48,nM,CHEMBL670678,B,BAO_0000357,CHEMBL1129704,Bioorg Med Chem Lett,1996
CHEMBL217,D(2) dopamine receptor,CHEMBL417608,CHEMBL417608,CCCN(CCCCN1C(=O)CC2(CCCC2)CC1=O)CC1COc2cccc(OC)c2C1,5.75,IC50,=,1778.28,nM,CHEMBL670073,B,BAO_0000357,CHEMBL1129704,Bioorg Med Chem Lett,1996
CHEMBL217,D(2) dopamine receptor,CHEMBL416523,CHEMBL416523,COc1cccc2c1CC(CNCCCCN1C(=O)CC3(CCCC3)CC1=O)CO2,7.53,IC50,=,29.51,nM,CHEMBL670073,B,BAO_0000357,CHEMBL1129704,Bioorg Med Chem Lett,1996
CHEMBL217,D(2) dopamine receptor,CHEMBL11262,CHEMBL11262,CCCN(CCC)CC1COc2cccc(OC)c2C1,5.59,IC50,=,2570.4,nM,CHEMBL670073,B,BAO_0000357,CHEMBL1129704,Bioorg Med Chem Lett,1996
CHEMBL217,D(2) dopamine receptor,CHEMBL11592,CHEMBL11592,CCCN(CCCCN1C(=O)CC2(CCCC2)CC1=O)C1COc2cccc(OC)c2C1,8.00,IC50,=,10.0,nM,CHEMBL670073,B,BAO_0000357,CHEMBL1129704,Bioorg Med Chem Lett,1996
CHEMBL217,D(2) dopamine receptor,CHEMBL116463,CHEMBL116463,N#Cc1ccc(CCOC(=O)NC2CCN(CCCC(c3ccc(F)cc3)c3ccc(F)cc3)CC2)cc1,6.26,IC50,=,551.0,nM,CHEMBL671072,B,BAO_0000357,CHEMBL1134625,J Med Chem,2001
CHEMBL217,D(2) dopamine receptor,CHEMBL326263,CHEMBL326263,N#Cc1ccc(CCOC(=O)N2CCN(CCCC(c3ccc(F)cc3)c3ccc(F)cc3)CC2)cc1,5.65,IC50,=,2240.0,nM,CHEMBL671072,B,BAO_0000357,CHEMBL1134625,J Med Chem,2001
CHEMBL217,D(2) dopamine receptor,CHEMBL113956,CHEMBL113956,CCOc1ccc(CCNC(=O)N2CCN(CCCC(c3ccc(F)cc3)c3ccc(F)cc3)CC2)cc1,5.54,IC50,=,2890.0,nM,CHEMBL671072,B,BAO_0000357,CHEMBL1134625,J Med Chem,2001
CHEMBL217,D(2) dopamine receptor,CHEMBL115280,CHEMBL115280,O=C1NCN(c2ccccc2)C12CCN(Cc1cccc(Oc3ccccc3)c1)CC2,6.27,IC50,=,538.0,nM,CHEMBL671072,B,BAO_0000357,CHEMBL1134625,J Med Chem,2001
CHEMBL217,D(2) dopamine receptor,CHEMBL325750,CHEMBL325750,O=C1NCN(c2ccccc2)C12CCN(Cc1ccc3nsnc3c1)CC2,6.91,IC50,=,123.0,nM,CHEMBL671072,B,BAO_0000357,CHEMBL1134625,J Med Chem,2001
CHEMBL217,D(2) dopamine receptor,CHEMBL115222,CHEMBL115222,CNC(=O)CN1CN(c2ccccc2)C2(CCN(Cc3cc4c(cc3Cl)OCO4)CC2)C1=O,5.67,IC50,=,2120.0,nM,CHEMBL671072,B,BAO_0000357,CHEMBL1134625,J Med Chem,2001
CHEMBL217,D(2) dopamine receptor,CHEMBL325516,CHEMBL325516,O=C(OCCc1ccc(F)cc1)N1CCN(CCCC(c2ccc(F)cc2)c2ccc(F)cc2)CC1,5.58,IC50,=,2620.0,nM,CHEMBL671072,B,BAO_0000357,CHEMBL1134625,J Med Chem,2001
CHEMBL217,D(2) dopamine receptor,CHEMBL114484,CHEMBL114484,Cc1ccc(CN2CCC(n3c(O)nc4ccccc43)CC2)c(Cl)c1,6.32,IC50,=,480.0,nM,CHEMBL671072,B,BAO_0000357,CHEMBL1134625,J Med Chem,2001
CHEMBL217,D(2) dopamine receptor,CHEMBL326962,CHEMBL326962,O=C1NCN(c2ccccc2)C12CCN(Cc1ccc3c(c1)OCO3)CC2,6.25,IC50,=,557.0,nM,CHEMBL671072,B,BAO_0000357,CHEMBL1134625,J Med Chem,2001
CHEMBL217,D(2) dopamine receptor,CHEMBL116233,CHEMBL1180187,O=C(/C=C/c1ccccc1)NC1CCN(Cc2ccccc2)CC1.O=C(O)/C=C/C(=O)O,5.33,IC50,=,4700.0,nM,CHEMBL667743,B,BAO_0000357,CHEMBL1127992,Bioorg Med Chem Lett,1994
CHEMBL217,D(2) dopamine receptor,CHEMBL111964,CHEMBL1180033,CN(C(=O)C#Cc1ccccc1)C1CCN(Cc2ccccc2)CC1.O=C(O)/C=C/C(=O)O,5.31,IC50,=,4900.0,nM,CHEMBL667743,B,BAO_0000357,CHEMBL1127992,Bioorg Med Chem Lett,1994
CHEMBL217,D(2) dopamine receptor,CHEMBL113282,CHEMBL1180091,C(#Cc1ccccc1)CN(c1ccccc1)C1CCN(Cc2ccccc2)CC1.O=C(O)/C=C/C(=O)O,6.05,IC50,=,890.0,nM,CHEMBL667743,B,BAO_0000357,CHEMBL1127992,Bioorg Med Chem Lett,1994
CHEMBL217,D(2) dopamine receptor,CHEMBL112170,CHEMBL1180044,O=C(C#Cc1ccccc1)N(c1ccccc1)C1CCN(Cc2ccccc2)CC1.O=C(O)/C=C/C(=O)O,5.82,IC50,=,1500.0,nM,CHEMBL667743,B,BAO_0000357,CHEMBL1127992,Bioorg Med Chem Lett,1994
CHEMBL217,D(2) dopamine receptor,CHEMBL325063,CHEMBL1183940,CN(C(=O)/C=C/c1ccccc1)C1CCN(Cc2ccccc2)CC1.O=C(O)/C=C/C(=O)O,5.15,IC50,=,7100.0,nM,CHEMBL667743,B,BAO_0000357,CHEMBL1127992,Bioorg Med Chem Lett,1994
CHEMBL217,D(2) dopamine receptor,CHEMBL112957,CHEMBL1180083,CN(CC#Cc1ccccc1)C1CCN(Cc2ccccc2)CC1.O=C(O)/C=C/C(=O)O,5.39,IC50,=,4100.0,nM,CHEMBL667743,B,BAO_0000357,CHEMBL1127992,Bioorg Med Chem Lett,1994
CHEMBL217,D(2) dopamine receptor,CHEMBL113449,CHEMBL1180095,O=C(C#Cc1ccccc1)NC1CCN(Cc2ccccc2)CC1.O=C(O)/C=C/C(=O)O,5.60,IC50,=,2500.0,nM,CHEMBL667743,B,BAO_0000357,CHEMBL1127992,Bioorg Med Chem Lett,1994
CHEMBL217,D(2) dopamine receptor,CHEMBL42,CHEMBL42,CN1CCN(C2=Nc3cc(Cl)ccc3Nc3ccccc32)CC1,6.64,IC50,=,230.0,nM,CHEMBL670113,B,BAO_0000357,CHEMBL1131412,J Med Chem,1998
CHEMBL217,D(2) dopamine receptor,CHEMBL359002,CHEMBL359002,COc1ccccc1N1CCN(CCC(=O)NC2CCc3c(cccc3OC)C2)CC1,6.12,IC50,=,761.0,nM,CHEMBL670113,B,BAO_0000357,CHEMBL1131412,J Med Chem,1998
CHEMBL217,D(2) dopamine receptor,CHEMBL356358,CHEMBL356358,COc1ccccc1C(=O)NCCN1CCN(c2ccccc2OC)CC1,6.09,IC50,=,810.0,nM,CHEMBL670113,B,BAO_0000357,CHEMBL1131412,J Med Chem,1998
CHEMBL217,D(2) dopamine receptor,CHEMBL2373205,CHEMBL144494,COc1cccc(-c2csc(CCN3CCN(c4ccccc4OC)CC3)n2)c1.Cl,6.06,IC50,=,870.0,nM,CHEMBL670113,B,BAO_0000357,CHEMBL1131412,J Med Chem,1998
CHEMBL217,D(2) dopamine receptor,CHEMBL144811,CHEMBL144811,COc1ccc(OC)c(C(=O)NCCN2CCN(c3ccccc3OC)CC2)c1,6.60,IC50,=,250.0,nM,CHEMBL670113,B,BAO_0000357,CHEMBL1131412,J Med Chem,1998
CHEMBL217,D(2) dopamine receptor,CHEMBL26929,CHEMBL26929,COc1ccccc1N1CCN(CCCC2CCCc3c(OC)cccc32)CC1,7.70,IC50,=,20.0,nM,CHEMBL670113,B,BAO_0000357,CHEMBL1131412,J Med Chem,1998
CHEMBL217,D(2) dopamine receptor,CHEMBL424125,CHEMBL424125,COc1ccc2c(c1)C(CCCN1CCN(c3ccccc3OC)CC1)CCC2,6.82,IC50,=,150.0,nM,CHEMBL670113,B,BAO_0000357,CHEMBL1131412,J Med Chem,1998
CHEMBL217,D(2) dopamine receptor,CHEMBL2373210,CHEMBL147897,COc1ccc2c(c1)CC(NC(=O)CCN1CCN(c3ccccc3OC)CC1)CC2.Cl.Cl,6.19,IC50,=,650.0,nM,CHEMBL670113,B,BAO_0000357,CHEMBL1131412,J Med Chem,1998
CHEMBL217,D(2) dopamine receptor,CHEMBL54,CHEMBL54,O=C(CCCN1CCC(O)(c2ccc(Cl)cc2)CC1)c1ccc(F)cc1,8.39,IC50,=,4.1,nM,CHEMBL670113,B,BAO_0000357,CHEMBL1131412,J Med Chem,1998
CHEMBL217,D(2) dopamine receptor,CHEMBL286725,CHEMBL286725,COc1cccc(C(=O)NCCN2CCN(c3ccccc3OC)CC2)c1,6.16,IC50,=,700.0,nM,CHEMBL670113,B,BAO_0000357,CHEMBL1131412,J Med Chem,1998
CHEMBL217,D(2) dopamine receptor,CHEMBL26677,CHEMBL26677,COc1cccc(C(=O)CCCN2CCN(c3ccccc3OC)CC2)c1,7.89,IC50,=,13.0,nM,CHEMBL670113,B,BAO_0000357,CHEMBL1131412,J Med Chem,1998
CHEMBL217,D(2) dopamine receptor,CHEMBL134423,CHEMBL134423,Fc1ccc([Si]2(c3ccc(F)cc3)CCC(N3CCN(c4ccccc4)CC3)C2)cc1,7.00,IC50,=,100.0,nM,CHEMBL666192,B,BAO_0000357,CHEMBL1127235,Bioorg Med Chem Lett,1994
CHEMBL217,D(2) dopamine receptor,CHEMBL35226,CHEMBL35226,CCCN1CCC(COc2nc3ccccc3c3c2CCCN3)CC1,5.47,IC50,=,3400.0,nM,CHEMBL670685,B,BAO_0000357,CHEMBL1145012,J Med Chem,2003
CHEMBL217,D(2) dopamine receptor,CHEMBL84931,CHEMBL84931,CN(C)CC1CC2c3ccccc3Cc3ccc(F)cc3N2O1,7.44,IC50,=,36.31,nM,CHEMBL672501,B,BAO_0000357,CHEMBL1135381,Bioorg Med Chem Lett,2002
CHEMBL217,D(2) dopamine receptor,CHEMBL315772,CHEMBL315772,CN(C)CC1CC2c3ccccc3Cc3ccc(Cl)cc3N2O1,8.06,IC50,=,8.71,nM,CHEMBL672501,B,BAO_0000357,CHEMBL1135381,Bioorg Med Chem Lett,2002
CHEMBL217,D(2) dopamine receptor,CHEMBL314107,CHEMBL314107,CN(C)CC1CC2c3cc(F)ccc3Cc3ccc(F)cc3N2O1,6.35,IC50,=,446.68,nM,CHEMBL672501,B,BAO_0000357,CHEMBL1135381,Bioorg Med Chem Lett,2002
CHEMBL217,D(2) dopamine receptor,CHEMBL83658,CHEMBL83658,CN(C)CC1CC2c3ccccc3Cc3ccccc3N2O1,6.06,IC50,=,870.96,nM,CHEMBL672501,B,BAO_0000357,CHEMBL1135381,Bioorg Med Chem Lett,2002
CHEMBL217,D(2) dopamine receptor,CHEMBL85735,CHEMBL85735,Cc1ccc2c(c1)N1OC(CN(C)C)CC1c1ccccc1C2,7.26,IC50,=,54.95,nM,CHEMBL672501,B,BAO_0000357,CHEMBL1135381,Bioorg Med Chem Lett,2002
CHEMBL217,D(2) dopamine receptor,CHEMBL6437,CHEMBL6437,CN1CCN2c3ccccc3Cc3ccccc3C2C1,5.15,IC50,=,7079.46,nM,CHEMBL672501,B,BAO_0000357,CHEMBL1135381,Bioorg Med Chem Lett,2002
CHEMBL217,D(2) dopamine receptor,CHEMBL611207,CHEMBL611207,CN1CCCC[C@@H]1CCN1c2ccccc2Sc2ccc([S+](C)[O-])cc21,7.20,IC50,=,63.0,nM,CHEMBL833053,B,BAO_0000357,CHEMBL1137093,Bioorg Med Chem Lett,2004
CHEMBL217,D(2) dopamine receptor,CHEMBL608530,CHEMBL608530,CN1CCCC[C@H]1CCN1c2ccccc2Sc2ccc([S+](C)[O-])cc21,6.08,IC50,=,837.0,nM,CHEMBL833053,B,BAO_0000357,CHEMBL1137093,Bioorg Med Chem Lett,2004
CHEMBL217,D(2) dopamine receptor,CHEMBL301242,CHEMBL301242,O=C(NCCCCN1CCN(c2cccc(Cl)c2Cl)CC1)c1cccc2c1-c1ccccc1C2=O,7.84,IC50,=,14.6,nM,CHEMBL827419,F,BAO_0000219,CHEMBL1139520,J Med Chem,2005
CHEMBL217,D(2) dopamine receptor,CHEMBL59725,CHEMBL59725,O=C(NCCCCN1CCN(c2cccc(Cl)c2Cl)CC1)c1cc2ccccc2s1,7.02,IC50,=,94.7,nM,CHEMBL827419,F,BAO_0000219,CHEMBL1139520,J Med Chem,2005
CHEMBL217,D(2) dopamine receptor,CHEMBL139926,CHEMBL139926,O=C(NCCCCN1CCN(c2cccc(Cl)c2Cl)CC1)c1cc2ccccc2o1,6.93,IC50,=,118.0,nM,CHEMBL827419,F,BAO_0000219,CHEMBL1139520,J Med Chem,2005
CHEMBL217,D(2) dopamine receptor,CHEMBL302374,CHEMBL302374,O=C(NCCCCN1CCN(c2cccc(Cl)c2Cl)CC1)c1ccc(I)cc1,7.26,IC50,=,55.4,nM,CHEMBL827419,F,BAO_0000219,CHEMBL1139520,J Med Chem,2005
CHEMBL217,D(2) dopamine receptor,CHEMBL262724,CHEMBL262724,O=C(NCCCCN1CCN(c2cccc(Cl)c2Cl)CC1)c1cnc2ccccc2n1,7.12,IC50,=,76.7,nM,CHEMBL827419,F,BAO_0000219,CHEMBL1139520,J Med Chem,2005
CHEMBL217,D(2) dopamine receptor,CHEMBL69451,CHEMBL69451,O=C(NCCCCN1CCN(c2cccc(Cl)c2Cl)CC1)c1ccc(-c2ccccn2)cc1,7.04,IC50,=,92.0,nM,CHEMBL827419,F,BAO_0000219,CHEMBL1139520,J Med Chem,2005
CHEMBL217,D(2) dopamine receptor,CHEMBL71327,CHEMBL71327,O=C(NC/C=C/CN1CCN(c2cccc(Cl)c2Cl)CC1)c1ccccc1,7.79,IC50,=,16.1,nM,CHEMBL827419,F,BAO_0000219,CHEMBL1139520,J Med Chem,2005
CHEMBL217,D(2) dopamine receptor,CHEMBL71865,CHEMBL71865,O=C(NC/C=C\CN1CCN(c2cccc(Cl)c2Cl)CC1)c1ccccc1,8.13,IC50,=,7.49,nM,CHEMBL827419,F,BAO_0000219,CHEMBL1139520,J Med Chem,2005
CHEMBL217,D(2) dopamine receptor,CHEMBL180060,CHEMBL180060,O=C(NC/C=C/CN1CCN(c2cccc(Cl)c2Cl)CC1)c1ccc(I)cc1,6.79,IC50,=,162.0,nM,CHEMBL827419,F,BAO_0000219,CHEMBL1139520,J Med Chem,2005
CHEMBL217,D(2) dopamine receptor,CHEMBL370713,CHEMBL370713,COc1ccc(C(=O)NC/C=C/CN2CCN(c3cccc(Cl)c3Cl)CC2)cc1,7.21,IC50,=,61.8,nM,CHEMBL827419,F,BAO_0000219,CHEMBL1139520,J Med Chem,2005
CHEMBL217,D(2) dopamine receptor,CHEMBL194493,CHEMBL194493,O=C(NC/C=C/CN1CCN(c2cccc(Cl)c2Cl)CC1)c1ccc([N+](=O)[O-])cc1,7.86,IC50,=,13.8,nM,CHEMBL827419,F,BAO_0000219,CHEMBL1139520,J Med Chem,2005
CHEMBL217,D(2) dopamine receptor,CHEMBL195057,CHEMBL195057,O=C(NC/C=C/CN1CCN(c2cccc(Cl)c2Cl)CC1)c1ccc(O)cc1,8.08,IC50,=,8.29,nM,CHEMBL827419,F,BAO_0000219,CHEMBL1139520,J Med Chem,2005
CHEMBL217,D(2) dopamine receptor,CHEMBL366904,CHEMBL366904,O=C(NC/C=C/CN1CCN(c2cccc(Cl)c2Cl)CC1)c1cc2ccccc2o1,6.96,IC50,=,111.0,nM,CHEMBL827419,F,BAO_0000219,CHEMBL1139520,J Med Chem,2005
CHEMBL217,D(2) dopamine receptor,CHEMBL175734,CHEMBL175734,O=C(NC/C=C/CN1CCN(c2cccc(Cl)c2Cl)CC1)c1cc2ccccc2s1,6.59,IC50,=,254.0,nM,CHEMBL827419,F,BAO_0000219,CHEMBL1139520,J Med Chem,2005
CHEMBL217,D(2) dopamine receptor,CHEMBL180010,CHEMBL180010,O=C(NC/C=C/CN1CCN(c2cccc(Cl)c2Cl)CC1)c1ccc(-c2ccccn2)cc1,7.09,IC50,=,80.9,nM,CHEMBL827419,F,BAO_0000219,CHEMBL1139520,J Med Chem,2005
CHEMBL217,D(2) dopamine receptor,CHEMBL300780,CHEMBL300780,O=C(NCCCCN1CCN(c2cccc(Cl)c2Cl)CC1)c1ccc2c(c1)Cc1ccccc1-2,5.89,IC50,=,1280.0,nM,CHEMBL827419,F,BAO_0000219,CHEMBL1139520,J Med Chem,2005
CHEMBL217,D(2) dopamine receptor,CHEMBL42,CHEMBL42,CN1CCN(C2=Nc3cc(Cl)ccc3Nc3ccccc32)CC1,8.05,IC50,=,9.0,nM,CHEMBL872217,B,BAO_0000357,CHEMBL1140446,J Med Chem,2005
CHEMBL217,D(2) dopamine receptor,CHEMBL1255588,CHEMBL1255588,CC(C)(C)[C@@]1(O)CCN2C[C@@H]3c4ccccc4CCc4cccc(c43)[C@H]2C1,8.05,IC50,=,8.9,nM,CHEMBL881984,B,BAO_0000357,CHEMBL1140374,J Med Chem,2005
CHEMBL217,D(2) dopamine receptor,CHEMBL54786,CHEMBL54786,O=C1Cc2cc(CCN3CCN(c4cccc5ccccc45)CC3)ccc2N1,7.36,IC50,=,44.0,nM,CHEMBL872217,B,BAO_0000357,CHEMBL1140446,J Med Chem,2005
CHEMBL217,D(2) dopamine receptor,CHEMBL708,CHEMBL708,O=C1Cc2cc(CCN3CCN(c4nsc5ccccc45)CC3)c(Cl)cc2N1,8.30,IC50,=,5.0,nM,CHEMBL872217,B,BAO_0000357,CHEMBL1140446,J Med Chem,2005
CHEMBL217,D(2) dopamine receptor,CHEMBL69584,CHEMBL69584,O=C(CN1CCN(Cc2ccc(Cl)cc2)CC1)N1CCc2ccccc21,6.16,IC50,=,690.0,nM,CHEMBL872217,B,BAO_0000357,CHEMBL1140446,J Med Chem,2005
CHEMBL217,D(2) dopamine receptor,CHEMBL107742,CHEMBL107742,Cc1ccc(CN2CCN(CC(=O)N3c4ccccc4CC3C)CC2)cc1,6.73,IC50,=,188.0,nM,CHEMBL872217,B,BAO_0000357,CHEMBL1140446,J Med Chem,2005
CHEMBL217,D(2) dopamine receptor,CHEMBL320597,CHEMBL320597,Cc1ccc(CN2CCN(CC(=O)N3c4ccccc4C[C@H]3C)CC2)cc1,6.95,IC50,=,113.0,nM,CHEMBL872217,B,BAO_0000357,CHEMBL1140446,J Med Chem,2005
CHEMBL217,D(2) dopamine receptor,CHEMBL201019,CHEMBL201019,CCOc1cc(N)c(Cl)cc1C(=O)NC[C@@H]1CCN2CCC[C@@H]12,5.28,IC50,=,5300.0,nM,CHEMBL858805,B,BAO_0000357,CHEMBL1149398,J Med Chem,2006
CHEMBL217,D(2) dopamine receptor,CHEMBL37333,CHEMBL37333,COc1cc(N)c(Cl)cc1C(=O)NC[C@H]1CCN2CCC[C@H]12,5.41,IC50,=,3900.0,nM,CHEMBL858805,B,BAO_0000357,CHEMBL1149398,J Med Chem,2006
CHEMBL217,D(2) dopamine receptor,CHEMBL1729,CHEMBL1729,COc1cc(N)c(Cl)cc1C(=O)NC1CCN(CCCOc2ccc(F)cc2)CC1OC,6.64,IC50,=,227.0,nM,CHEMBL858805,B,BAO_0000357,CHEMBL1149398,J Med Chem,2006
CHEMBL217,D(2) dopamine receptor,CHEMBL300780,CHEMBL300780,O=C(NCCCCN1CCN(c2cccc(Cl)c2Cl)CC1)c1ccc2c(c1)Cc1ccccc1-2,5.89,IC50,=,1280.0,nM,CHEMBL895651,F,BAO_0000219,CHEMBL1148745,J Med Chem,2007
CHEMBL217,D(2) dopamine receptor,CHEMBL244989,CHEMBL244989,COc1ccccc1N1CCN(C/C=C/CNC(=O)c2ccc3c(c2)Cc2ccccc2-3)CC1,6.75,IC50,=,179.0,nM,CHEMBL895651,F,BAO_0000219,CHEMBL1148745,J Med Chem,2007
CHEMBL217,D(2) dopamine receptor,CHEMBL394541,CHEMBL394541,COc1ccccc1N1CCN(C/C=C/CNC(=O)c2ccc(-c3ccccn3)cc2)CC1,6.76,IC50,=,175.0,nM,CHEMBL895651,F,BAO_0000219,CHEMBL1148745,J Med Chem,2007
CHEMBL217,D(2) dopamine receptor,CHEMBL244774,CHEMBL244774,O=C(NC/C=C/CN1CCN(c2cccc(Cl)c2Cl)CC1)c1ccc(-c2cccc[n+]2[O-])cc1,7.64,IC50,=,22.9,nM,CHEMBL895651,F,BAO_0000219,CHEMBL1148745,J Med Chem,2007
CHEMBL217,D(2) dopamine receptor,CHEMBL244773,CHEMBL244773,Cc1cccnc1-c1ccc(C(=O)NC/C=C/CN2CCN(c3cccc(Cl)c3Cl)CC2)cc1,6.43,IC50,=,368.0,nM,CHEMBL895651,F,BAO_0000219,CHEMBL1148745,J Med Chem,2007
CHEMBL217,D(2) dopamine receptor,CHEMBL398175,CHEMBL398175,Cc1cccc(-c2ccc(C(=O)NC/C=C/CN3CCN(c4cccc(Cl)c4Cl)CC3)cc2)n1,5.89,IC50,=,1300.0,nM,CHEMBL895651,F,BAO_0000219,CHEMBL1148745,J Med Chem,2007
CHEMBL217,D(2) dopamine receptor,CHEMBL244562,CHEMBL244562,O=C(NC/C=C/CN1CCN(c2cccc(Cl)c2Cl)CC1)c1ccc(-c2cccc(=O)[nH]2)cc1,7.39,IC50,=,41.0,nM,CHEMBL895651,F,BAO_0000219,CHEMBL1148745,J Med Chem,2007
CHEMBL217,D(2) dopamine receptor,CHEMBL241973,CHEMBL241973,COc1ccccc1N1CCN(CCCCNC(=O)c2ccc(-c3ccccn3)cc2)CC1,6.97,IC50,=,107.0,nM,CHEMBL895651,F,BAO_0000219,CHEMBL1148745,J Med Chem,2007
CHEMBL217,D(2) dopamine receptor,CHEMBL110365,CHEMBL110365,COc1ccccc1N1CCN(CCCCNC(=O)c2ccc3c(c2)Cc2ccccc2-3)CC1,6.65,IC50,=,224.0,nM,CHEMBL895651,F,BAO_0000219,CHEMBL1148745,J Med Chem,2007
CHEMBL217,D(2) dopamine receptor,CHEMBL180010,CHEMBL180010,O=C(NC/C=C/CN1CCN(c2cccc(Cl)c2Cl)CC1)c1ccc(-c2ccccn2)cc1,7.09,IC50,=,80.9,nM,CHEMBL895651,F,BAO_0000219,CHEMBL1148745,J Med Chem,2007
CHEMBL217,D(2) dopamine receptor,CHEMBL231156,CHEMBL231156,O=C(NC[C@H]1C[C@@H]1CN1CCN(c2cccc(Cl)c2Cl)CC1)c1ccc(-c2ccccn2)cc1,6.17,IC50,=,672.0,nM,CHEMBL895651,F,BAO_0000219,CHEMBL1148745,J Med Chem,2007
CHEMBL217,D(2) dopamine receptor,CHEMBL390253,CHEMBL390253,O=C(NCC(O)CCN1CCN(c2cccc(Cl)c2Cl)CC1)c1ccc(-c2ccccn2)cc1,7.05,IC50,=,88.3,nM,CHEMBL895651,F,BAO_0000219,CHEMBL1148745,J Med Chem,2007
CHEMBL217,D(2) dopamine receptor,CHEMBL250689,CHEMBL250689,CC(=O)c1cccc(NC(=O)N[C@@H]2CCCC[C@H]2CN2CCC[C@@H](Cc3ccc(F)cc3)C2)c1,6.00,IC50,=,1000.0,nM,CHEMBL925073,B,BAO_0000357,CHEMBL1140623,Bioorg Med Chem Lett,2007
CHEMBL217,D(2) dopamine receptor,CHEMBL249854,CHEMBL249854,CC(=O)c1sc(NC(=O)N[C@@H]2CN(C(C)=O)CC[C@H]2CN2CCC[C@@H](Cc3ccc(F)cc3)C2)nc1C,6.19,IC50,=,640.0,nM,CHEMBL925073,B,BAO_0000357,CHEMBL1140623,Bioorg Med Chem Lett,2007
CHEMBL217,D(2) dopamine receptor,CHEMBL259415,CHEMBL259415,Cc1cccc(N2CCN(CCCC(=O)NCc3nc4ccccc4c(=O)n3-c3ccccc3)CC2)c1C,5.16,IC50,=,6900.0,nM,CHEMBL920904,B,BAO_0000357,CHEMBL1144677,Bioorg Med Chem,2008
CHEMBL217,D(2) dopamine receptor,CHEMBL261102,CHEMBL261102,Cc1cccc(N2CCN(CCCC(=O)NCc3nc4cc(F)ccc4c(=O)n3-c3ccccc3)CC2)c1C,5.82,IC50,=,1500.0,nM,CHEMBL920904,B,BAO_0000357,CHEMBL1144677,Bioorg Med Chem,2008
CHEMBL217,D(2) dopamine receptor,CHEMBL261019,CHEMBL261019,O=C(CCCN1CCN(c2cccc(C(F)(F)F)c2)CC1)NCc1nc2cc(F)ccc2c(=O)n1-c1ccccc1,5.18,IC50,=,6600.0,nM,CHEMBL920904,B,BAO_0000357,CHEMBL1144677,Bioorg Med Chem,2008
CHEMBL217,D(2) dopamine receptor,CHEMBL261434,CHEMBL261434,Cc1cccc(N2CCN(CCCC(=O)NCc3nc4ccc(F)cc4c(=O)n3-c3ccccc3)CC2)c1C,5.40,IC50,=,4000.0,nM,CHEMBL920904,B,BAO_0000357,CHEMBL1144677,Bioorg Med Chem,2008
CHEMBL217,D(2) dopamine receptor,CHEMBL259776,CHEMBL259776,COc1ccccc1N1CCN(CCCC(=O)NCc2nc3ccc(F)cc3c(=O)n2-c2ccccc2)CC1,5.28,IC50,=,5300.0,nM,CHEMBL920904,B,BAO_0000357,CHEMBL1144677,Bioorg Med Chem,2008
CHEMBL217,D(2) dopamine receptor,CHEMBL260907,CHEMBL260907,CCOc1ccccc1N1CCN(CCCC(=O)NCc2nc3ccc(F)cc3c(=O)n2-c2ccccc2)CC1,6.00,IC50,=,1000.0,nM,CHEMBL920904,B,BAO_0000357,CHEMBL1144677,Bioorg Med Chem,2008
CHEMBL217,D(2) dopamine receptor,CHEMBL259199,CHEMBL259199,CCOc1ccccc1N1CCN(CCCC(=O)NCc2nc3cc(F)ccc3c(=O)n2-c2ccc(OC)cc2)CC1,5.82,IC50,=,1500.0,nM,CHEMBL920904,B,BAO_0000357,CHEMBL1144677,Bioorg Med Chem,2008
CHEMBL217,D(2) dopamine receptor,CHEMBL406221,CHEMBL406221,CCOc1ccccc1N1CCN(CCCC(=O)NCc2nc3ccc(F)cc3c(=O)n2-c2ccc(OC)cc2)CC1,6.85,IC50,=,140.0,nM,CHEMBL920904,B,BAO_0000357,CHEMBL1144677,Bioorg Med Chem,2008
CHEMBL217,D(2) dopamine receptor,CHEMBL392158,CHEMBL392158,C=CCN1CCC[C@H]1CNC(=O)c1cc(CCCF)cc(OC)c1OC,8.30,IC50,=,5.0,nM,CHEMBL1005621,F,BAO_0000019,CHEMBL1156607,Bioorg Med Chem Lett,2008
CHEMBL217,D(2) dopamine receptor,CHEMBL502017,CHEMBL502017,C=CCN1CCC[C@H]1CNC(=O)c1cc(CCCCl)cc(OC)c1OC,7.77,IC50,=,17.1,nM,CHEMBL1005621,F,BAO_0000019,CHEMBL1156607,Bioorg Med Chem Lett,2008
CHEMBL217,D(2) dopamine receptor,CHEMBL496739,CHEMBL496739,Cc1cccc(N2CCN(CCCCNC(=O)c3cc4ccccc4o3)CC2)c1,6.23,IC50,=,584.0,nM,CHEMBL959903,F,BAO_0000219,CHEMBL1139353,J Med Chem,2009
CHEMBL217,D(2) dopamine receptor,CHEMBL496739,CHEMBL496739,Cc1cccc(N2CCN(CCCCNC(=O)c3cc4ccccc4o3)CC2)c1,5.91,IC50,=,1240.0,nM,CHEMBL959904,F,BAO_0000219,CHEMBL1139353,J Med Chem,2009
CHEMBL217,D(2) dopamine receptor,CHEMBL503468,CHEMBL503468,O=C(Nc1ccc2[nH]cc(C3CCN(CCCCCCCN4CCC(c5c[nH]c6ccc(NC(=O)c7ccc(F)cc7)cc56)CC4)CC3)c2c1)c1ccc(F)cc1,6.16,IC50,=,700.0,nM,CHEMBL965249,B,BAO_0000357,CHEMBL1150432,J Med Chem,2008
CHEMBL217,D(2) dopamine receptor,CHEMBL3084502,CHEMBL3084502,O[C@]1(c2ccc(Cl)cc2)C[C@H]2CC[C@@H](C1)N2Cc1c[nH]c2ccccc12,7.32,IC50,=,48.3,nM,CHEMBL1033065,F,BAO_0000019,CHEMBL1140093,J Med Chem,2008
CHEMBL217,D(2) dopamine receptor,CHEMBL445102,CHEMBL445102,OC1(c2ccc(Cl)cc2)CCN(Cc2c[nH]c3ccccc23)CC1,8.35,IC50,=,4.46,nM,CHEMBL1033065,F,BAO_0000019,CHEMBL1140093,J Med Chem,2008
CHEMBL217,D(2) dopamine receptor,CHEMBL3084515,CHEMBL3084515,O[C@@]1(c2ccc(Cl)cc2)C[C@H]2CC[C@@H](C1)N2Cc1coc2ccccc12,8.72,IC50,=,1.92,nM,CHEMBL1033065,F,BAO_0000019,CHEMBL1140093,J Med Chem,2008
CHEMBL217,D(2) dopamine receptor,CHEMBL3084512,CHEMBL3084512,O[C@@]1(c2ccc(Cl)cc2)C[C@H]2CC[C@@H](C1)N2Cc1csc2ccccc12,7.58,IC50,=,26.2,nM,CHEMBL1033065,F,BAO_0000019,CHEMBL1140093,J Med Chem,2008
CHEMBL217,D(2) dopamine receptor,CHEMBL3084503,CHEMBL3084503,O[C@@]1(c2ccc(Cl)c(Cl)c2)C[C@H]2CC[C@@H](C1)N2Cc1c[nH]c2ccccc12,6.68,IC50,=,210.0,nM,CHEMBL1033065,F,BAO_0000019,CHEMBL1140093,J Med Chem,2008
CHEMBL217,D(2) dopamine receptor,CHEMBL461571,CHEMBL461571,Cc1c(C(=O)c2ccc(Cl)cc2)c2ccc(OC(F)(F)F)cc2n1Cc1cccc(O[C@H](C)C(=O)O)c1,5.45,IC50,=,3550.0,nM,CHEMBL980770,B,BAO_0000357,CHEMBL1139415,Bioorg Med Chem Lett,2008
CHEMBL217,D(2) dopamine receptor,CHEMBL522460,CHEMBL522460,Cc1ccccc1CN1CCC(N2CCC(n3c(=O)[nH]c4ccccc43)CC2)CC1,5.29,IC50,=,5100.0,nM,CHEMBL939457,F,BAO_0000019,CHEMBL1152245,Bioorg Med Chem Lett,2008
CHEMBL217,D(2) dopamine receptor,CHEMBL485755,CHEMBL485755,O=c1[nH]c2cc(F)ccc2n1C1CCN(C2CCN(S(=O)(=O)c3ccccc3)CC2)CC1,5.44,IC50,=,3600.0,nM,CHEMBL939457,F,BAO_0000019,CHEMBL1152245,Bioorg Med Chem Lett,2008
CHEMBL217,D(2) dopamine receptor,CHEMBL521030,CHEMBL521030,O=c1[nH]c2cc(Cl)ccc2n1C1CCN(C2CCN(S(=O)(=O)c3ccccc3)CC2)CC1,5.64,IC50,=,2300.0,nM,CHEMBL939457,F,BAO_0000019,CHEMBL1152245,Bioorg Med Chem Lett,2008
CHEMBL217,D(2) dopamine receptor,CHEMBL487984,CHEMBL487984,O=c1[nH]c2cc(Br)ccc2n1C1CCN(C2CCN(S(=O)(=O)c3ccccc3)CC2)CC1,5.57,IC50,=,2700.0,nM,CHEMBL939457,F,BAO_0000019,CHEMBL1152245,Bioorg Med Chem Lett,2008
CHEMBL217,D(2) dopamine receptor,CHEMBL487788,CHEMBL487788,O=C(Nc1cccc(SC(F)(F)F)c1)N1CCC(N2CCC(n3c(=O)[nH]c4c(F)cccc43)CC2)CC1,5.96,IC50,=,1100.0,nM,CHEMBL939457,F,BAO_0000019,CHEMBL1152245,Bioorg Med Chem Lett,2008
CHEMBL217,D(2) dopamine receptor,CHEMBL487985,CHEMBL487985,O=C(Nc1cccc(SC(F)(F)F)c1)N1CCC(N2CCC(n3c(=O)[nH]c4ccc(F)cc43)CC2)CC1,5.72,IC50,=,1900.0,nM,CHEMBL939457,F,BAO_0000019,CHEMBL1152245,Bioorg Med Chem Lett,2008
CHEMBL217,D(2) dopamine receptor,CHEMBL1255588,CHEMBL1255588,CC(C)(C)[C@@]1(O)CCN2C[C@@H]3c4ccccc4CCc4cccc(c43)[C@H]2C1,8.06,IC50,=,8.7,nM,CHEMBL953137,B,BAO_0000357,CHEMBL1140203,J Med Chem,2008
CHEMBL217,D(2) dopamine receptor,CHEMBL522460,CHEMBL522460,Cc1ccccc1CN1CCC(N2CCC(n3c(=O)[nH]c4ccccc43)CC2)CC1,5.58,IC50,=,2650.0,nM,CHEMBL983581,B,BAO_0000357,CHEMBL1142444,Bioorg Med Chem Lett,2008
CHEMBL217,D(2) dopamine receptor,CHEMBL478034,CHEMBL478034,O=c1[nH]c2ccccc2n1C1CCN(C2CCN(Cc3ccccc3[N+](=O)[O-])CC2)CC1,5.95,IC50,=,1130.0,nM,CHEMBL983581,B,BAO_0000357,CHEMBL1142444,Bioorg Med Chem Lett,2008
CHEMBL217,D(2) dopamine receptor,CHEMBL477821,CHEMBL477821,O=c1[nH]c2ccccc2n1C1CCN(C2CCN(Cc3ccccc3Cl)CC2)CC1,5.69,IC50,=,2060.0,nM,CHEMBL983581,B,BAO_0000357,CHEMBL1142444,Bioorg Med Chem Lett,2008
CHEMBL217,D(2) dopamine receptor,CHEMBL489576,CHEMBL489576,O=c1[nH]c2cc(F)ccc2n1C1CCN(C2CCN(Cc3ccccc3C(F)(F)F)CC2)CC1,5.57,IC50,=,2690.0,nM,CHEMBL983581,B,BAO_0000357,CHEMBL1142444,Bioorg Med Chem Lett,2008
CHEMBL217,D(2) dopamine receptor,CHEMBL1255588,CHEMBL1255588,CC(C)(C)[C@@]1(O)CCN2C[C@@H]3c4ccccc4CCc4cccc(c43)[C@H]2C1,7.82,IC50,=,15.0,nM,CHEMBL982014,B,BAO_0000357,CHEMBL1155111,J Med Chem,2008
CHEMBL217,D(2) dopamine receptor,CHEMBL582945,CHEMBL582945,COc1ccccc1N1CCN(CCCn2cc(CCCCN3CCc4cc(O)c(O)cc4C(c4cccc(C)c4)C3)nn2)CC1,5.80,IC50,=,1570.0,nM,CHEMBL1044818,F,BAO_0000219,CHEMBL1154108,Bioorg Med Chem,2009
CHEMBL217,D(2) dopamine receptor,CHEMBL574700,CHEMBL574700,COc1ccccc1N1CCN(CCCc2cn(CCCN3CCc4cc(O)c(O)cc4C(c4ccccc4C)C3)nn2)CC1,6.32,IC50,=,480.0,nM,CHEMBL1044818,F,BAO_0000219,CHEMBL1154108,Bioorg Med Chem,2009
CHEMBL217,D(2) dopamine receptor,CHEMBL584554,CHEMBL584554,CCN(CC)C(=O)[C@@H]1C=C2c3cccc4[nH]cc(c34)C[C@H]2N(C(=O)Nc2ccccc2)C1,5.80,IC50,=,1590.0,nM,CHEMBL1046708,B,BAO_0000357,CHEMBL1154177,Bioorg Med Chem Lett,2009
CHEMBL217,D(2) dopamine receptor,CHEMBL1086626,CHEMBL1086626,Cc1[nH]c(-c2ccccc2)cc1C(=O)NCCCN1CCN(c2cccc(Cl)c2Cl)CC1,5.97,IC50,=,1071.0,nM,CHEMBL1101348,B,BAO_0000357,CHEMBL1154983,Bioorg Med Chem Lett,2010
CHEMBL217,D(2) dopamine receptor,CHEMBL1086754,CHEMBL1086754,Cc1c(C(=O)NCCCN2CCN(c3cccc(Cl)c3Cl)CC2)cc(-c2ccccc2)n1C,5.59,IC50,=,2542.0,nM,CHEMBL1101348,B,BAO_0000357,CHEMBL1154983,Bioorg Med Chem Lett,2010
CHEMBL217,D(2) dopamine receptor,CHEMBL1086756,CHEMBL1086756,CCCn1c(-c2ccccc2)cc(C(=O)NCCCN2CCN(c3cccc(Cl)c3Cl)CC2)c1C,5.43,IC50,=,3736.0,nM,CHEMBL1101348,B,BAO_0000357,CHEMBL1154983,Bioorg Med Chem Lett,2010
CHEMBL217,D(2) dopamine receptor,CHEMBL1276708,CHEMBL1276708,CCN1CCC[C@H]1CNC(=O)c1c(Cl)c(Cl)cc(O)c1OC,7.49,IC50,=,32.36,nM,CHEMBL1285353,F,BAO_0000019,CHEMBL1275273,Eur J Med Chem,2010
CHEMBL217,D(2) dopamine receptor,CHEMBL1276709,CHEMBL1276709,CCN1CCC[C@H]1CNC(=O)c1c(Cl)c(OC)cc(O)c1OC,7.15,IC50,=,70.79,nM,CHEMBL1285353,F,BAO_0000019,CHEMBL1275273,Eur J Med Chem,2010
CHEMBL217,D(2) dopamine receptor,CHEMBL1276738,CHEMBL1276738,CCN1CCC[C@H]1CNC(=O)c1c(OC)ccc(Br)c1Br,8.10,IC50,=,7.943,nM,CHEMBL1285353,F,BAO_0000019,CHEMBL1275273,Eur J Med Chem,2010
CHEMBL217,D(2) dopamine receptor,CHEMBL1276739,CHEMBL1276739,CCc1ccc(OC)c(C(=O)NC[C@@H]2CCCN2CC)c1Br,7.96,IC50,=,10.96,nM,CHEMBL1285353,F,BAO_0000019,CHEMBL1275273,Eur J Med Chem,2010
CHEMBL217,D(2) dopamine receptor,CHEMBL156651,CHEMBL156651,NC(=O)[C@H]1CS[C@@H]2CC[C@]3(CCCN3C(=O)[C@@H]3CCCN3)C(=O)N12,10.17,Ki,=,0.067,nM,CHEMBL670962,B,BAO_0000357,CHEMBL1132286,J Med Chem,1999
CHEMBL217,D(2) dopamine receptor,CHEMBL156651,CHEMBL156651,NC(=O)[C@H]1CS[C@@H]2CC[C@]3(CCCN3C(=O)[C@@H]3CCCN3)C(=O)N12,6.72,Ki,=,190.0,nM,CHEMBL666181,B,BAO_0000357,CHEMBL1132286,J Med Chem,1999
CHEMBL217,D(2) dopamine receptor,CHEMBL156651,CHEMBL156651,NC(=O)[C@H]1CS[C@@H]2CC[C@]3(CCCN3C(=O)[C@@H]3CCCN3)C(=O)N12,9.71,Ki,=,0.196,nM,CHEMBL665377,B,BAO_0000357,CHEMBL1132286,J Med Chem,1999
CHEMBL217,D(2) dopamine receptor,CHEMBL156651,CHEMBL156651,NC(=O)[C@H]1CS[C@@H]2CC[C@]3(CCCN3C(=O)[C@@H]3CCCN3)C(=O)N12,6.58,Ki,=,260.0,nM,CHEMBL666183,B,BAO_0000357,CHEMBL1132286,J Med Chem,1999
CHEMBL217,D(2) dopamine receptor,CHEMBL156651,CHEMBL156651,NC(=O)[C@H]1CS[C@@H]2CC[C@]3(CCCN3C(=O)[C@@H]3CCCN3)C(=O)N12,10.30,Ki,=,0.05,nM,CHEMBL665376,B,BAO_0000357,CHEMBL1132286,J Med Chem,1999
CHEMBL217,D(2) dopamine receptor,CHEMBL156651,CHEMBL156651,NC(=O)[C@H]1CS[C@@H]2CC[C@]3(CCCN3C(=O)[C@@H]3CCCN3)C(=O)N12,6.73,Ki,=,188.0,nM,CHEMBL666182,B,BAO_0000357,CHEMBL1132286,J Med Chem,1999
CHEMBL217,D(2) dopamine receptor,CHEMBL156651,CHEMBL156651,NC(=O)[C@H]1CS[C@@H]2CC[C@]3(CCCN3C(=O)[C@@H]3CCCN3)C(=O)N12,10.05,Ki,=,0.09,nM,CHEMBL666180,B,BAO_0000357,CHEMBL1132286,J Med Chem,1999
CHEMBL217,D(2) dopamine receptor,CHEMBL349833,CHEMBL349833,CC1Cc2cccc3c2N1C(=O)C(N1CCN(Cc2ccc(Cl)cc2)CC1)CC3,6.86,Ki,=,139.0,nM,CHEMBL672162,B,BAO_0000357,CHEMBL1136593,Bioorg Med Chem Lett,2003
CHEMBL217,D(2) dopamine receptor,CHEMBL439646,CHEMBL439646,CC1(C)Cc2cccc3c2N1C(=O)C(N1CCN(Cc2ccc(Cl)cc2)CC1)CC3,6.70,Ki,=,201.0,nM,CHEMBL672162,B,BAO_0000357,CHEMBL1136593,Bioorg Med Chem Lett,2003
CHEMBL217,D(2) dopamine receptor,CHEMBL87187,CHEMBL87187,Nc1cccc(-c2ccc(CCN3CCN(c4cccc5cccnc45)CC3)cc2)n1,7.96,Ki,=,11.0,nM,CHEMBL671377,B,BAO_0000357,CHEMBL1131962,Bioorg Med Chem Lett,1999
CHEMBL217,D(2) dopamine receptor,CHEMBL351963,CHEMBL351963,Cc1ccc(CN2CCN(C3CCc4cccc5c4N(CC5)C3=O)CC2)cc1,6.68,Ki,=,209.0,nM,CHEMBL672162,B,BAO_0000357,CHEMBL1136593,Bioorg Med Chem Lett,2003
CHEMBL217,D(2) dopamine receptor,CHEMBL309118,CHEMBL309118,O=C(NCCCN1CCN(c2cccc(Cl)c2Cl)CC1)c1cccc2c1-c1ccccc1C2=O,6.29,Ki,=,512.0,nM,CHEMBL671385,B,BAO_0000357,CHEMBL1134599,J Med Chem,2001
CHEMBL217,D(2) dopamine receptor,CHEMBL315864,CHEMBL315864,Oc1nc2c(N3CCN(Cc4ccccc4)CC3)cccc2[nH]1,7.06,Ki,=,87.3,nM,CHEMBL884862,B,BAO_0000219,CHEMBL1130595,Bioorg Med Chem Lett,1998
CHEMBL217,D(2) dopamine receptor,CHEMBL322179,CHEMBL322179,O=C(NCCCN1CCN(c2ccccc2)CC1)c1cccc2c1-c1ccccc1C2=O,6.11,Ki,=,777.0,nM,CHEMBL671385,B,BAO_0000357,CHEMBL1134599,J Med Chem,2001
CHEMBL217,D(2) dopamine receptor,CHEMBL419505,CHEMBL419505,O=C(NCCCCN1CCN(c2cccc(Cl)c2Cl)CC1)c1ccc2c(c1)-c1ccccc1-2,6.58,Ki,=,262.0,nM,CHEMBL671385,B,BAO_0000357,CHEMBL1134599,J Med Chem,2001
CHEMBL217,D(2) dopamine receptor,CHEMBL108527,CHEMBL108527,O=C(NCCCN1CCN(c2cccc(Cl)c2Cl)CC1)c1cccc2c1Cc1ccccc1-2,5.78,Ki,=,1680.0,nM,CHEMBL671385,B,BAO_0000357,CHEMBL1134599,J Med Chem,2001
CHEMBL217,D(2) dopamine receptor,CHEMBL110411,CHEMBL110411,O=C(NCCCCN1CCN(c2cccc(Cl)c2Cl)CC1)c1ccc2c(c1)-c1ccccc1C2,6.66,Ki,=,217.0,nM,CHEMBL671385,B,BAO_0000357,CHEMBL1134599,J Med Chem,2001
CHEMBL217,D(2) dopamine receptor,CHEMBL330108,CHEMBL330108,O=C1Cc2c(ccc(Cl)c2N2CCN(Cc3ccccc3)CC2)N1,6.27,Ki,=,540.0,nM,CHEMBL884862,B,BAO_0000219,CHEMBL1130595,Bioorg Med Chem Lett,1998
CHEMBL217,D(2) dopamine receptor,CHEMBL42,CHEMBL42,CN1CCN(C2=Nc3cc(Cl)ccc3Nc3ccccc32)CC1,6.95,Ki,=,113.0,nM,CHEMBL672162,B,BAO_0000357,CHEMBL1136593,Bioorg Med Chem Lett,2003
CHEMBL217,D(2) dopamine receptor,CHEMBL267562,CHEMBL267562,Fc1ccc(C(OC2CC3CCC(C2)N3Cc2ccc(Cl)c(Cl)c2)c2ccc(F)cc2)cc1,6.20,Ki,=,625.0,nM,CHEMBL671385,B,BAO_0000357,CHEMBL1134599,J Med Chem,2001
CHEMBL217,D(2) dopamine receptor,CHEMBL156164,CHEMBL156164,NC(=O)C1CCS[C@@H]2C[C@]3(CCCN3C(=O)[C@@H]3CCCN3)C(=O)N12,10.15,Ki,=,0.071,nM,CHEMBL670962,B,BAO_0000357,CHEMBL1132286,J Med Chem,1999
CHEMBL217,D(2) dopamine receptor,CHEMBL156164,CHEMBL156164,NC(=O)C1CCS[C@@H]2C[C@]3(CCCN3C(=O)[C@@H]3CCCN3)C(=O)N12,6.71,Ki,=,196.0,nM,CHEMBL666181,B,BAO_0000357,CHEMBL1132286,J Med Chem,1999
CHEMBL217,D(2) dopamine receptor,CHEMBL156164,CHEMBL156164,NC(=O)C1CCS[C@@H]2C[C@]3(CCCN3C(=O)[C@@H]3CCCN3)C(=O)N12,9.91,Ki,=,0.122,nM,CHEMBL665377,B,BAO_0000357,CHEMBL1132286,J Med Chem,1999
CHEMBL217,D(2) dopamine receptor,CHEMBL156164,CHEMBL156164,NC(=O)C1CCS[C@@H]2C[C@]3(CCCN3C(=O)[C@@H]3CCCN3)C(=O)N12,6.61,Ki,=,246.0,nM,CHEMBL666183,B,BAO_0000357,CHEMBL1132286,J Med Chem,1999
CHEMBL217,D(2) dopamine receptor,CHEMBL156164,CHEMBL156164,NC(=O)C1CCS[C@@H]2C[C@]3(CCCN3C(=O)[C@@H]3CCCN3)C(=O)N12,10.51,Ki,=,0.031,nM,CHEMBL665376,B,BAO_0000357,CHEMBL1132286,J Med Chem,1999
CHEMBL217,D(2) dopamine receptor,CHEMBL156164,CHEMBL156164,NC(=O)C1CCS[C@@H]2C[C@]3(CCCN3C(=O)[C@@H]3CCCN3)C(=O)N12,6.78,Ki,=,168.0,nM,CHEMBL666182,B,BAO_0000357,CHEMBL1132286,J Med Chem,1999
CHEMBL217,D(2) dopamine receptor,CHEMBL156164,CHEMBL156164,NC(=O)C1CCS[C@@H]2C[C@]3(CCCN3C(=O)[C@@H]3CCCN3)C(=O)N12,10.19,Ki,=,0.064,nM,CHEMBL666180,B,BAO_0000357,CHEMBL1132286,J Med Chem,1999
CHEMBL217,D(2) dopamine receptor,CHEMBL292759,CHEMBL292759,COc1ccc(NS(=O)(=O)c2ccc(Br)cc2)cc1N1CCN(C)CC1,5.40,Ki,=,3981.07,nM,CHEMBL674350,B,BAO_0000219,CHEMBL1132410,J Med Chem,1999
CHEMBL217,D(2) dopamine receptor,CHEMBL301242,CHEMBL301242,O=C(NCCCCN1CCN(c2cccc(Cl)c2Cl)CC1)c1cccc2c1-c1ccccc1C2=O,7.05,Ki,=,89.0,nM,CHEMBL671385,B,BAO_0000357,CHEMBL1134599,J Med Chem,2001
CHEMBL217,D(2) dopamine receptor,CHEMBL29846,CHEMBL29846,COc1ccc(NS(=O)(=O)c2sc3ccc(Cl)cc3c2C)cc1N1CCN(C)CC1,6.10,Ki,=,794.33,nM,CHEMBL674350,B,BAO_0000219,CHEMBL1132410,J Med Chem,1999
CHEMBL217,D(2) dopamine receptor,CHEMBL352207,CHEMBL352207,O=C1C(N2CCN(Cc3ccc(Cl)cc3)CC2)CCc2cccc3c2N1CC3,6.94,Ki,=,116.0,nM,CHEMBL672162,B,BAO_0000357,CHEMBL1136593,Bioorg Med Chem Lett,2003
CHEMBL217,D(2) dopamine receptor,CHEMBL352207,CHEMBL352207,O=C1C(N2CCN(Cc3ccc(Cl)cc3)CC2)CCc2cccc3c2N1CC3,7.21,Ki,=,62.0,nM,CHEMBL673092,F,BAO_0000019,CHEMBL1136593,Bioorg Med Chem Lett,2003
CHEMBL217,D(2) dopamine receptor,CHEMBL310310,CHEMBL310310,CN1C2CCC1CC(OC(c1ccccc1)c1ccc(Cl)cc1)C2,5.76,Ki,=,1740.0,nM,CHEMBL671385,B,BAO_0000357,CHEMBL1134599,J Med Chem,2001
CHEMBL217,D(2) dopamine receptor,CHEMBL108637,CHEMBL108637,O=C(NCCCN1CCN(c2ccccc2)CC1)c1ccc2c(c1)Cc1ccccc1-2,6.08,Ki,=,825.0,nM,CHEMBL671385,B,BAO_0000357,CHEMBL1134599,J Med Chem,2001
CHEMBL217,D(2) dopamine receptor,CHEMBL67750,CHEMBL67750,O=C(NCCCN1CCN(c2cccc(Cl)c2Cl)CC1)c1ccc2c(c1)Cc1ccccc1-2,5.59,Ki,=,2570.0,nM,CHEMBL671385,B,BAO_0000357,CHEMBL1134599,J Med Chem,2001
CHEMBL217,D(2) dopamine receptor,CHEMBL314952,CHEMBL314952,O=C1Cc2c(cccc2N2CCN(Cc3ccccc3)CC2)N1,8.10,Ki,=,8.0,nM,CHEMBL884862,B,BAO_0000219,CHEMBL1130595,Bioorg Med Chem Lett,1998
CHEMBL217,D(2) dopamine receptor,CHEMBL351989,CHEMBL351989,Cc1ccc(CN2CCN(C3CCc4cccc5c4N(C3=O)C(C)(C)C5)CC2)cc1,6.78,Ki,=,165.0,nM,CHEMBL672162,B,BAO_0000357,CHEMBL1136593,Bioorg Med Chem Lett,2003
CHEMBL217,D(2) dopamine receptor,CHEMBL110120,CHEMBL110120,OC1CCc2c(c3ccccc3n2CCCN2CCN(c3ccccc3)CC2)C1,6.75,Ki,=,180.0,nM,CHEMBL671385,B,BAO_0000357,CHEMBL1134599,J Med Chem,2001
CHEMBL217,D(2) dopamine receptor,CHEMBL40650,CHEMBL40650,COc1cccc2c1CC[C@H]1CN(CCn3c(=O)[nH]c4c(sc5cccnc54)c3=O)C[C@@H]21,7.71,Ki,=,19.7,nM,CHEMBL670782,B,BAO_0000357,CHEMBL1130166,J Med Chem,1997
CHEMBL217,D(2) dopamine receptor,CHEMBL159742,CHEMBL159742,COc1cc(C)ccc1CN1CCN(C2CCc3cccc4c3N(C2=O)C(C)(C)C4)CC1,6.02,Ki,=,952.0,nM,CHEMBL672162,B,BAO_0000357,CHEMBL1136593,Bioorg Med Chem Lett,2003
CHEMBL217,D(2) dopamine receptor,CHEMBL88837,CHEMBL88837,c1ccc(CN2CCN(c3cccc4[nH]cnc34)CC2)cc1,6.59,Ki,=,257.5,nM,CHEMBL884862,B,BAO_0000219,CHEMBL1130595,Bioorg Med Chem Lett,1998
CHEMBL217,D(2) dopamine receptor,CHEMBL354699,CHEMBL354699,COc1ccc(Cl)cc1CN1CCN(C2CCc3cccc4c3N(C2=O)C(C)(C)C4)CC1,6.66,Ki,=,220.0,nM,CHEMBL672162,B,BAO_0000357,CHEMBL1136593,Bioorg Med Chem Lett,2003
CHEMBL217,D(2) dopamine receptor,CHEMBL323997,CHEMBL323997,Fc1ccc(C(OCCN2C3CCC2CC(OC(c2ccc(F)cc2)c2ccc(F)cc2)C3)c2ccc(F)cc2)cc1,6.03,Ki,=,927.0,nM,CHEMBL671385,B,BAO_0000357,CHEMBL1134599,J Med Chem,2001
CHEMBL217,D(2) dopamine receptor,CHEMBL68191,CHEMBL68191,CCN1C(=O)C(N2CCN(Cc3ccc(Cl)cc3)CC2)Cc2ccccc21,7.68,Ki,=,21.0,nM,CHEMBL672162,B,BAO_0000357,CHEMBL1136593,Bioorg Med Chem Lett,2003
CHEMBL217,D(2) dopamine receptor,CHEMBL69584,CHEMBL69584,O=C(CN1CCN(Cc2ccc(Cl)cc2)CC1)N1CCc2ccccc21,6.16,Ki,=,690.0,nM,CHEMBL672162,B,BAO_0000357,CHEMBL1136593,Bioorg Med Chem Lett,2003
CHEMBL217,D(2) dopamine receptor,CHEMBL307800,CHEMBL307800,O=C(NCCCCN1CCN(c2cccc(Cl)c2Cl)CC1)C1c2ccccc2-c2ccccc21,8.00,Ki,=,10.0,nM,CHEMBL671385,B,BAO_0000357,CHEMBL1134599,J Med Chem,2001
CHEMBL217,D(2) dopamine receptor,CHEMBL306672,CHEMBL306672,O=C1c2ccccc2C(=O)N1CCCCCN1CCN(c2cccc(Cl)c2Cl)CC1,7.96,Ki,=,11.0,nM,CHEMBL671385,B,BAO_0000357,CHEMBL1134599,J Med Chem,2001
CHEMBL217,D(2) dopamine receptor,CHEMBL345438,CHEMBL345438,Cc1ccc(CN2CCN(C3CCc4cccc5c4N(C3=O)C(C)C5)CC2)cc1,7.58,Ki,=,26.0,nM,CHEMBL672162,B,BAO_0000357,CHEMBL1136593,Bioorg Med Chem Lett,2003
CHEMBL217,D(2) dopamine receptor,CHEMBL110435,CHEMBL110435,Fc1ccc(C(OCCOC2CC3CCC(C2)N3)c2ccc(F)cc2)cc1,5.95,Ki,=,1120.0,nM,CHEMBL671385,B,BAO_0000357,CHEMBL1134599,J Med Chem,2001
CHEMBL217,D(2) dopamine receptor,CHEMBL69717,CHEMBL69717,O=C1c2ccccc2C(=O)N1CCCCN1CCN(c2cccc(Cl)c2Cl)CC1,6.92,Ki,=,120.0,nM,CHEMBL671385,B,BAO_0000357,CHEMBL1134599,J Med Chem,2001
CHEMBL217,D(2) dopamine receptor,CHEMBL302796,CHEMBL302796,O=C(NCCCN1CCN(c2ccccc2)CC1)C1c2ccccc2-c2ccccc21,6.22,Ki,=,606.0,nM,CHEMBL671385,B,BAO_0000357,CHEMBL1134599,J Med Chem,2001
CHEMBL217,D(2) dopamine receptor,CHEMBL88365,CHEMBL88365,Oc1cccc(N2CCN(Cc3ccccc3)CC2)c1,6.61,Ki,=,246.0,nM,CHEMBL884862,B,BAO_0000219,CHEMBL1130595,Bioorg Med Chem Lett,1998
CHEMBL217,D(2) dopamine receptor,CHEMBL328051,CHEMBL328051,c1ccc(CN2CCN(c3cccc4[nH]ccc34)CC2)cc1,7.28,Ki,=,53.0,nM,CHEMBL884862,B,BAO_0000219,CHEMBL1130595,Bioorg Med Chem Lett,1998
CHEMBL217,D(2) dopamine receptor,CHEMBL320114,CHEMBL320114,CN1C2CCC1CC(OC1c3ccccc3Cc3ccccc31)C2,6.17,Ki,=,672.0,nM,CHEMBL671385,B,BAO_0000357,CHEMBL1134599,J Med Chem,2001
CHEMBL217,D(2) dopamine receptor,CHEMBL542139,CHEMBL431298,COc1ccc(NS(=O)(=O)c2sc3ccc(Cl)cc3c2C)cc1N1CCNCC1.Cl,5.60,Ki,=,2511.89,nM,CHEMBL674350,B,BAO_0000219,CHEMBL1132410,J Med Chem,1999
CHEMBL217,D(2) dopamine receptor,CHEMBL2308105,CHEMBL2308105,Fc1ccc(C(O[C@H]2C[C@H]3CC[C@@H](C2)N3CCCCc2ccccc2)c2ccc(F)cc2)cc1,7.09,Ki,=,81.3,nM,CHEMBL671385,B,BAO_0000357,CHEMBL1134599,J Med Chem,2001
CHEMBL217,D(2) dopamine receptor,CHEMBL68860,CHEMBL68860,O=C(NCCCN1CCN(c2cccc(Cl)c2Cl)CC1)C1c2ccccc2-c2ccccc21,6.38,Ki,=,414.0,nM,CHEMBL671385,B,BAO_0000357,CHEMBL1134599,J Med Chem,2001
CHEMBL217,D(2) dopamine receptor,CHEMBL90476,CHEMBL90476,Brc1ccc(N2CCN(Cc3ccccc3)CC2)c2cc[nH]c12,7.33,Ki,=,47.0,nM,CHEMBL884862,B,BAO_0000219,CHEMBL1130595,Bioorg Med Chem Lett,1998
CHEMBL217,D(2) dopamine receptor,CHEMBL88289,CHEMBL88289,FC(F)(F)c1nc2c(N3CCN(Cc4ccccc4)CC3)cccc2[nH]1,8.39,Ki,=,4.1,nM,CHEMBL884862,B,BAO_0000219,CHEMBL1130595,Bioorg Med Chem Lett,1998
CHEMBL217,D(2) dopamine receptor,CHEMBL106660,CHEMBL106660,Clc1cccc(C(OC2CC3CCC(C2)N3CCCc2ccccc2)c2ccccc2)c1,7.23,Ki,=,59.0,nM,CHEMBL671385,B,BAO_0000357,CHEMBL1134599,J Med Chem,2001
CHEMBL217,D(2) dopamine receptor,CHEMBL351612,CHEMBL351612,COc1ccc(C)cc1CN1CCN(C2CCc3cccc4c3N(C2=O)C(C)(C)C4)CC1,6.50,Ki,=,313.0,nM,CHEMBL672162,B,BAO_0000357,CHEMBL1136593,Bioorg Med Chem Lett,2003
CHEMBL217,D(2) dopamine receptor,CHEMBL68720,CHEMBL68720,O=C(NCCCCCN1CCN(c2cccc(Cl)c2Cl)CC1)c1cccc2c1-c1ccccc1C2=O,8.30,Ki,=,5.0,nM,CHEMBL671385,B,BAO_0000357,CHEMBL1134599,J Med Chem,2001
CHEMBL217,D(2) dopamine receptor,CHEMBL311539,CHEMBL311539,Clc1ccc2[nH]ccc2c1N1CCN(Cc2ccccc2)CC1,7.09,Ki,=,81.3,nM,CHEMBL884862,B,BAO_0000219,CHEMBL1130595,Bioorg Med Chem Lett,1998
CHEMBL217,D(2) dopamine receptor,CHEMBL110349,CHEMBL110349,O=C(NCCCN1CCN(c2ccccc2)CC1)c1cccc2c1Cc1ccccc1-2,6.33,Ki,=,473.0,nM,CHEMBL671385,B,BAO_0000357,CHEMBL1134599,J Med Chem,2001
CHEMBL217,D(2) dopamine receptor,CHEMBL12004,CHEMBL12004,Fc1ccc(C(OC2CC3CCC(C2)N3Cc2cccc3ccccc23)c2ccc(F)cc2)cc1,6.42,Ki,=,379.0,nM,CHEMBL671385,B,BAO_0000357,CHEMBL1134599,J Med Chem,2001
CHEMBL217,D(2) dopamine receptor,CHEMBL109299,CHEMBL109299,Fc1ccc(C(OC2CC3CCC(C2)N3Cc2cc3ccccc3[nH]2)c2ccc(F)cc2)cc1,6.66,Ki,=,218.0,nM,CHEMBL671385,B,BAO_0000357,CHEMBL1134599,J Med Chem,2001
CHEMBL217,D(2) dopamine receptor,CHEMBL12375,CHEMBL12375,Fc1ccc(C(OC2CC3CCC(C2)N3Cc2ccccc2)c2ccc(F)cc2)cc1,6.88,Ki,=,132.0,nM,CHEMBL671385,B,BAO_0000357,CHEMBL1134599,J Med Chem,2001
CHEMBL217,D(2) dopamine receptor,CHEMBL317488,CHEMBL317488,CC(C)C[C@H](NC(=O)[C@@H]1CCCN1)C(=O)NCC(N)=O,10.05,Ki,=,0.09,nM,CHEMBL670962,B,BAO_0000357,CHEMBL1132286,J Med Chem,1999
CHEMBL217,D(2) dopamine receptor,CHEMBL317488,CHEMBL317488,CC(C)C[C@H](NC(=O)[C@@H]1CCCN1)C(=O)NCC(N)=O,7.13,Ki,=,73.2,nM,CHEMBL666181,B,BAO_0000357,CHEMBL1132286,J Med Chem,1999
CHEMBL217,D(2) dopamine receptor,CHEMBL317488,CHEMBL317488,CC(C)C[C@H](NC(=O)[C@@H]1CCCN1)C(=O)NCC(N)=O,9.89,Ki,=,0.13,nM,CHEMBL665377,B,BAO_0000357,CHEMBL1132286,J Med Chem,1999
CHEMBL217,D(2) dopamine receptor,CHEMBL317488,CHEMBL317488,CC(C)C[C@H](NC(=O)[C@@H]1CCCN1)C(=O)NCC(N)=O,7.22,Ki,=,60.0,nM,CHEMBL666183,B,BAO_0000357,CHEMBL1132286,J Med Chem,1999
CHEMBL217,D(2) dopamine receptor,CHEMBL317488,CHEMBL317488,CC(C)C[C@H](NC(=O)[C@@H]1CCCN1)C(=O)NCC(N)=O,10.40,Ki,=,0.04,nM,CHEMBL665376,B,BAO_0000357,CHEMBL1132286,J Med Chem,1999
CHEMBL217,D(2) dopamine receptor,CHEMBL317488,CHEMBL317488,CC(C)C[C@H](NC(=O)[C@@H]1CCCN1)C(=O)NCC(N)=O,7.22,Ki,=,60.1,nM,CHEMBL666182,B,BAO_0000357,CHEMBL1132286,J Med Chem,1999
CHEMBL217,D(2) dopamine receptor,CHEMBL317488,CHEMBL317488,CC(C)C[C@H](NC(=O)[C@@H]1CCCN1)C(=O)NCC(N)=O,10.22,Ki,=,0.06,nM,CHEMBL666180,B,BAO_0000357,CHEMBL1132286,J Med Chem,1999
CHEMBL217,D(2) dopamine receptor,CHEMBL7549,CHEMBL7549,CCCN1CCC[C@@H](c2cccc(O)c2)C1,7.41,Ki,=,39.0,nM,CHEMBL678343,B,BAO_0000219,CHEMBL1127438,J Med Chem,1994
CHEMBL217,D(2) dopamine receptor,CHEMBL7549,CHEMBL7549,CCCN1CCC[C@@H](c2cccc(O)c2)C1,8.07,Ki,=,8.5,nM,CHEMBL679938,B,BAO_0000219,CHEMBL1127438,J Med Chem,1994
CHEMBL217,D(2) dopamine receptor,CHEMBL311730,CHEMBL311730,CCCN1CCC[C@@H](c2cccc(S(C)(=O)=O)c2)C1,6.35,Ki,=,447.0,nM,CHEMBL679938,B,BAO_0000219,CHEMBL1127438,J Med Chem,1994
CHEMBL217,D(2) dopamine receptor,CHEMBL327245,CHEMBL327245,COc1cccc(C(=O)CCCN2CCN(c3ccc(Cl)cc3)CC2)c1,5.59,Ki,=,2550.0,nM,CHEMBL673083,B,BAO_0000357,CHEMBL1133667,J Med Chem,2000
CHEMBL217,D(2) dopamine receptor,CHEMBL96462,CHEMBL96462,COc1cccc(CNCCN2CCN(c3ccc(Cl)cc3)CC2)c1,5.30,Ki,=,5000.0,nM,CHEMBL673083,B,BAO_0000357,CHEMBL1133667,J Med Chem,2000
CHEMBL217,D(2) dopamine receptor,CHEMBL24222,CHEMBL24222,C=CCN1CC[C@@H]2c3cccc(OC)c3CC[C@H]21,7.30,Ki,=,50.0,nM,CHEMBL679938,B,BAO_0000219,CHEMBL1127438,J Med Chem,1994
CHEMBL217,D(2) dopamine receptor,CHEMBL49231,CHEMBL49231,COc1ccccc1N1CCN(CNC(=O)c2ccc(Cl)cc2)CC1,6.46,Ki,=,349.0,nM,CHEMBL671981,B,BAO_0000219,CHEMBL1130052,J Med Chem,1997
CHEMBL217,D(2) dopamine receptor,CHEMBL328894,CHEMBL328894,N#Cc1cccc([C@@H]2CCCN(CC3CC3)C2)c1,6.29,Ki,=,519.0,nM,CHEMBL679938,B,BAO_0000219,CHEMBL1127438,J Med Chem,1994
CHEMBL217,D(2) dopamine receptor,CHEMBL27251,CHEMBL27251,CN1CCc2ccc3c4c2[C@H]1Cc1cccc(c1-4)[C@@H]3N,5.65,Ki,=,2250.0,nM,CHEMBL672309,B,BAO_0000357,CHEMBL1145819,J Med Chem,2003
CHEMBL217,D(2) dopamine receptor,CHEMBL298763,CHEMBL298763,O=C(NCN1CCN(c2ccccc2Cl)CC1)c1ccccc1,5.82,Ki,=,1500.0,nM,CHEMBL671981,B,BAO_0000219,CHEMBL1130052,J Med Chem,1997
CHEMBL217,D(2) dopamine receptor,CHEMBL92817,CHEMBL92817,CCCN1CCC[C@@H](c2cccc(Br)c2)C1,6.77,Ki,=,170.0,nM,CHEMBL678343,B,BAO_0000219,CHEMBL1127438,J Med Chem,1994
CHEMBL217,D(2) dopamine receptor,CHEMBL315879,CHEMBL315879,COc1cccc(C(=O)NCCCCN2CCN(c3ccc(Cl)cc3)CC2)c1,5.63,Ki,=,2350.0,nM,CHEMBL673083,B,BAO_0000357,CHEMBL1133667,J Med Chem,2000
CHEMBL217,D(2) dopamine receptor,CHEMBL93917,CHEMBL93917,CCCN1CCC[C@@H](c2cccc(CC#N)c2)C1,7.16,Ki,=,69.0,nM,CHEMBL679938,B,BAO_0000219,CHEMBL1127438,J Med Chem,1994
CHEMBL217,D(2) dopamine receptor,CHEMBL90798,CHEMBL90798,CCN1CCC[C@@H](c2cccc(C#N)c2)C1,6.63,Ki,=,235.0,nM,CHEMBL679938,B,BAO_0000219,CHEMBL1127438,J Med Chem,1994
CHEMBL217,D(2) dopamine receptor,CHEMBL328119,CHEMBL328119,O=S(=O)(Oc1cccc([C@@H]2CCCN(CCc3ccccc3)C2)c1)C(F)(F)F,7.14,Ki,=,73.0,nM,CHEMBL678343,B,BAO_0000219,CHEMBL1127438,J Med Chem,1994
CHEMBL217,D(2) dopamine receptor,CHEMBL93570,CHEMBL93570,CCc1sccc1N1CCC[C@@H](c2cccc(C#N)c2)C1,6.87,Ki,=,134.0,nM,CHEMBL678343,B,BAO_0000219,CHEMBL1127438,J Med Chem,1994
CHEMBL217,D(2) dopamine receptor,CHEMBL93570,CHEMBL93570,CCc1sccc1N1CCC[C@@H](c2cccc(C#N)c2)C1,7.96,Ki,=,11.0,nM,CHEMBL679938,B,BAO_0000219,CHEMBL1127438,J Med Chem,1994
CHEMBL217,D(2) dopamine receptor,CHEMBL92713,CHEMBL92713,COc1cccc(C(=O)NCCCN2CCN(c3ccc(Cl)cc3)CC2)c1,5.40,Ki,=,3950.0,nM,CHEMBL673083,B,BAO_0000357,CHEMBL1133667,J Med Chem,2000
CHEMBL217,D(2) dopamine receptor,CHEMBL328283,CHEMBL328283,COc1ccc2c(c1)C(NCCN1CCN(c3ccc(Cl)cc3)CC1)CCC2,6.58,Ki,=,262.0,nM,CHEMBL673083,B,BAO_0000357,CHEMBL1133667,J Med Chem,2000
CHEMBL217,D(2) dopamine receptor,CHEMBL300956,CHEMBL300956,Cc1ccc(C(=O)NCN2CCN(c3ccccc3C#N)CC2)cc1,5.94,Ki,=,1150.0,nM,CHEMBL671981,B,BAO_0000219,CHEMBL1130052,J Med Chem,1997
CHEMBL217,D(2) dopamine receptor,CHEMBL49876,CHEMBL49876,N#Cc1ccccc1N1CCN(CNC(=O)c2ccc(Cl)cc2)CC1,6.03,Ki,=,929.0,nM,CHEMBL671981,B,BAO_0000219,CHEMBL1130052,J Med Chem,1997
CHEMBL217,D(2) dopamine receptor,CHEMBL45244,CHEMBL45244,Cc1cccc(C(=O)NCN2CCN(c3ccccc3C#N)CC2)c1,5.43,Ki,=,3740.0,nM,CHEMBL671981,B,BAO_0000219,CHEMBL1130052,J Med Chem,1997
CHEMBL217,D(2) dopamine receptor,CHEMBL329443,CHEMBL329443,CCCN1CCC[C@@H](c2cccc(S(=O)(=O)N(C)C)c2)C1,7.04,Ki,=,91.0,nM,CHEMBL678343,B,BAO_0000219,CHEMBL1127438,J Med Chem,1994
CHEMBL217,D(2) dopamine receptor,CHEMBL329443,CHEMBL329443,CCCN1CCC[C@@H](c2cccc(S(=O)(=O)N(C)C)c2)C1,6.64,Ki,=,227.0,nM,CHEMBL679938,B,BAO_0000219,CHEMBL1127438,J Med Chem,1994
CHEMBL217,D(2) dopamine receptor,CHEMBL281924,CHEMBL281924,CO[C@]1(C)c2cccc3c2-c2c1ccc1c2[C@@H](C3)N(C)CC1,8.15,Ki,=,7.1,nM,CHEMBL672309,B,BAO_0000357,CHEMBL1145819,J Med Chem,2003
CHEMBL217,D(2) dopamine receptor,CHEMBL281923,CHEMBL281923,CO[C@@]1(C)c2cccc3c2-c2c1ccc1c2[C@@H](C3)N(C)CC1,7.15,Ki,=,71.0,nM,CHEMBL672309,B,BAO_0000357,CHEMBL1145819,J Med Chem,2003
CHEMBL217,D(2) dopamine receptor,CHEMBL298166,CHEMBL298166,Cc1cccc(C(=O)NCN2CCN(c3ccccc3Cl)CC2)c1,5.88,Ki,=,1330.0,nM,CHEMBL671981,B,BAO_0000219,CHEMBL1130052,J Med Chem,1997
CHEMBL217,D(2) dopamine receptor,CHEMBL93383,CHEMBL93383,CC(C)N1CCC[C@@H](c2cccc(C#N)c2)C1,6.97,Ki,=,106.0,nM,CHEMBL679938,B,BAO_0000219,CHEMBL1127438,J Med Chem,1994
CHEMBL217,D(2) dopamine receptor,CHEMBL335545,CHEMBL335545,C1=C(c2ccccc2)CCN(C[C@@H]2CCC=C(c3ccccc3)C2)C1,7.59,Ki,=,25.5,nM,CHEMBL672911,B,BAO_0000357,CHEMBL1128721,J Med Chem,1995
CHEMBL217,D(2) dopamine receptor,CHEMBL335545,CHEMBL335545,C1=C(c2ccccc2)CCN(C[C@@H]2CCC=C(c3ccccc3)C2)C1,8.08,Ki,=,8.4,nM,CHEMBL672910,B,BAO_0000357,CHEMBL1128721,J Med Chem,1995
CHEMBL217,D(2) dopamine receptor,CHEMBL92183,CHEMBL92183,CCCN1CCC[C@@H](c2cccc(C#N)c2)C1,6.58,Ki,=,265.0,nM,CHEMBL678343,B,BAO_0000219,CHEMBL1127438,J Med Chem,1994
CHEMBL217,D(2) dopamine receptor,CHEMBL92183,CHEMBL92183,CCCN1CCC[C@@H](c2cccc(C#N)c2)C1,6.92,Ki,=,119.0,nM,CHEMBL679938,B,BAO_0000219,CHEMBL1127438,J Med Chem,1994
CHEMBL217,D(2) dopamine receptor,CHEMBL314536,CHEMBL314536,CCCN1CCC[C@@H](c2cccc(-c3ccsc3)c2)C1,6.87,Ki,=,134.0,nM,CHEMBL679938,B,BAO_0000219,CHEMBL1127438,J Med Chem,1994
CHEMBL217,D(2) dopamine receptor,CHEMBL91228,CHEMBL91228,C#CCN1CCC[C@@H](c2cccc(C#N)c2)C1,5.93,Ki,=,1178.0,nM,CHEMBL679938,B,BAO_0000219,CHEMBL1127438,J Med Chem,1994
CHEMBL217,D(2) dopamine receptor,CHEMBL329228,CHEMBL329228,COc1cccc(NC(=O)CCN2CCN(c3ccc(Cl)cc3)CC2)c1,6.55,Ki,=,282.0,nM,CHEMBL673083,B,BAO_0000357,CHEMBL1133667,J Med Chem,2000
CHEMBL217,D(2) dopamine receptor,CHEMBL54,CHEMBL54,O=C(CCCN1CCC(O)(c2ccc(Cl)cc2)CC1)c1ccc(F)cc1,8.25,Ki,=,5.6,nM,CHEMBL673082,B,BAO_0000219,CHEMBL1133667,J Med Chem,2000
CHEMBL217,D(2) dopamine receptor,CHEMBL330470,CHEMBL330470,COc1ccc2c(c1)C(=O)N(CCN1CCN(c3ccc(Cl)cc3)CC1)CC2,5.40,Ki,=,3960.0,nM,CHEMBL673083,B,BAO_0000357,CHEMBL1133667,J Med Chem,2000
CHEMBL217,D(2) dopamine receptor,CHEMBL94811,CHEMBL94811,N#Cc1cccc([C@@H]2CCCN(CCCc3ccccc3)C2)c1,7.22,Ki,=,60.0,nM,CHEMBL678343,B,BAO_0000219,CHEMBL1127438,J Med Chem,1994
CHEMBL217,D(2) dopamine receptor,CHEMBL94811,CHEMBL94811,N#Cc1cccc([C@@H]2CCCN(CCCc3ccccc3)C2)c1,7.54,Ki,=,29.0,nM,CHEMBL679938,B,BAO_0000219,CHEMBL1127438,J Med Chem,1994
CHEMBL217,D(2) dopamine receptor,CHEMBL147159,CHEMBL147159,Oc1ccc(C2=CCN(C[C@@H]3CCC=C(c4ccc(O)cc4)C3)CC2)cc1,7.99,Ki,=,10.3,nM,CHEMBL672911,B,BAO_0000357,CHEMBL1128721,J Med Chem,1995
CHEMBL217,D(2) dopamine receptor,CHEMBL147159,CHEMBL147159,Oc1ccc(C2=CCN(C[C@@H]3CCC=C(c4ccc(O)cc4)C3)CC2)cc1,8.66,Ki,=,2.2,nM,CHEMBL672910,B,BAO_0000357,CHEMBL1128721,J Med Chem,1995
CHEMBL217,D(2) dopamine receptor,CHEMBL42,CHEMBL42,CN1CCN(C2=Nc3cc(Cl)ccc3Nc3ccccc32)CC1,6.06,Ki,=,876.0,nM,CHEMBL673082,B,BAO_0000219,CHEMBL1133667,J Med Chem,2000
CHEMBL217,D(2) dopamine receptor,CHEMBL96799,CHEMBL96799,COc1cccc2c1CCN(CCN1CCN(c3ccc(Cl)cc3)CC1)C2=O,5.50,Ki,=,3170.0,nM,CHEMBL673084,B,BAO_0000219,CHEMBL1133667,J Med Chem,2000
CHEMBL217,D(2) dopamine receptor,CHEMBL423659,CHEMBL423659,N#Cc1ccccc1N1CCN(CNC(=O)c2ccccc2)CC1,5.38,Ki,=,4180.0,nM,CHEMBL671981,B,BAO_0000219,CHEMBL1130052,J Med Chem,1997
CHEMBL217,D(2) dopamine receptor,CHEMBL93101,CHEMBL93101,CCCN1CCC[C@@H](c2cccc(CO)c2)C1,6.62,Ki,=,240.0,nM,CHEMBL679938,B,BAO_0000219,CHEMBL1127438,J Med Chem,1994
CHEMBL217,D(2) dopamine receptor,CHEMBL92939,CHEMBL92939,C=CCN1CCC2c3cccc(C#N)c3CCC21,6.01,Ki,=,984.0,nM,CHEMBL679938,B,BAO_0000219,CHEMBL1127438,J Med Chem,1994
CHEMBL217,D(2) dopamine receptor,CHEMBL93582,CHEMBL93582,CCCN1CCC[C@@H](c2cccc(OC)c2)C1,6.22,Ki,=,602.0,nM,CHEMBL679938,B,BAO_0000219,CHEMBL1127438,J Med Chem,1994
CHEMBL217,D(2) dopamine receptor,CHEMBL93682,CHEMBL93682,N#Cc1cccc([C@@H]2CCCNC2)c1,6.50,Ki,=,314.0,nM,CHEMBL679938,B,BAO_0000219,CHEMBL1127438,J Med Chem,1994
CHEMBL217,D(2) dopamine receptor,CHEMBL318747,CHEMBL318747,COc1cccc(CCCCN2CCN(c3ccc(Cl)cc3)CC2)c1,5.56,Ki,=,2740.0,nM,CHEMBL673083,B,BAO_0000357,CHEMBL1133667,J Med Chem,2000
CHEMBL217,D(2) dopamine receptor,CHEMBL51536,CHEMBL51536,Cc1ccc(C(=O)NCN2CCN(c3ccccc3Cl)CC2)cc1,6.33,Ki,=,466.0,nM,CHEMBL671981,B,BAO_0000219,CHEMBL1130052,J Med Chem,1997
CHEMBL217,D(2) dopamine receptor,CHEMBL93212,CHEMBL93212,C=CCN1CCC[C@@H](c2cccc(C#N)c2)C1,6.59,Ki,=,254.0,nM,CHEMBL679938,B,BAO_0000219,CHEMBL1127438,J Med Chem,1994
CHEMBL217,D(2) dopamine receptor,CHEMBL90662,CHEMBL90662,CN1CCC[C@@H](c2cccc(C#N)c2)C1,5.98,Ki,=,1040.0,nM,CHEMBL679938,B,BAO_0000219,CHEMBL1127438,J Med Chem,1994
CHEMBL217,D(2) dopamine receptor,CHEMBL51023,CHEMBL51023,COc1ccccc1N1CCN(CNC(=O)c2ccc(C)cc2)CC1,6.54,Ki,=,291.0,nM,CHEMBL671981,B,BAO_0000219,CHEMBL1130052,J Med Chem,1997
CHEMBL217,D(2) dopamine receptor,CHEMBL280955,CHEMBL280955,C=CCN1CC[C@H]2c3cccc(OC)c3CC[C@H]21,7.75,Ki,=,18.0,nM,CHEMBL679938,B,BAO_0000219,CHEMBL1127438,J Med Chem,1994
CHEMBL217,D(2) dopamine receptor,CHEMBL93594,CHEMBL93594,CCCN1CCC[C@@H](c2cccc(OS(C)(=O)=O)c2)C1,6.72,Ki,=,192.0,nM,CHEMBL679938,B,BAO_0000219,CHEMBL1127438,J Med Chem,1994
CHEMBL217,D(2) dopamine receptor,CHEMBL93646,CHEMBL93646,N#Cc1cccc([C@@H]2CCCN(CCc3ccccc3)C2)c1,7.66,Ki,=,22.0,nM,CHEMBL679938,B,BAO_0000219,CHEMBL1127438,J Med Chem,1994
CHEMBL217,D(2) dopamine receptor,CHEMBL321557,CHEMBL321557,COc1cccc2c1CCCC2CCCN1CCN(c2ccc(Cl)cc2)CC1,5.47,Ki,=,3400.0,nM,CHEMBL673083,B,BAO_0000357,CHEMBL1133667,J Med Chem,2000
CHEMBL217,D(2) dopamine receptor,CHEMBL90359,CHEMBL90359,CCCN1CCC[C@@H](c2cccc(OS(=O)(=O)C(F)(F)F)c2)C1,7.32,Ki,=,48.0,nM,CHEMBL678343,B,BAO_0000219,CHEMBL1127438,J Med Chem,1994
CHEMBL217,D(2) dopamine receptor,CHEMBL93946,CHEMBL93946,CCCN1CCC[C@@H](c2cccc(OCC(F)(F)F)c2)C1,6.09,Ki,=,820.0,nM,CHEMBL679938,B,BAO_0000219,CHEMBL1127438,J Med Chem,1994
CHEMBL217,D(2) dopamine receptor,CHEMBL356269,CHEMBL356269,Oc1ccc(C2=CCN(C[C@@H]3CCC=C(c4ccccc4)C3)CC2)cc1,7.03,Ki,=,94.0,nM,CHEMBL672911,B,BAO_0000357,CHEMBL1128721,J Med Chem,1995
CHEMBL217,D(2) dopamine receptor,CHEMBL356269,CHEMBL356269,Oc1ccc(C2=CCN(C[C@@H]3CCC=C(c4ccccc4)C3)CC2)cc1,8.24,Ki,=,5.7,nM,CHEMBL672910,B,BAO_0000357,CHEMBL1128721,J Med Chem,1995
CHEMBL217,D(2) dopamine receptor,CHEMBL93403,CHEMBL93403,COc1cccc(C(=O)NCCN2CCN(c3ccc(Cl)cc3)CC2)c1,5.72,Ki,=,1900.0,nM,CHEMBL673083,B,BAO_0000357,CHEMBL1133667,J Med Chem,2000
CHEMBL217,D(2) dopamine receptor,CHEMBL2112375,CHEMBL328681,COc1cccc2c1CCCC2NCCN1CCN(c2ccc(Cl)cc2)CC1.Cl.Cl,5.50,Ki,=,3180.0,nM,CHEMBL673083,B,BAO_0000357,CHEMBL1133667,J Med Chem,2000
CHEMBL217,D(2) dopamine receptor,CHEMBL296506,CHEMBL296506,COc1ccccc1N1CCN(CNC(=O)c2cccc(C)c2)CC1,6.08,Ki,=,835.0,nM,CHEMBL671981,B,BAO_0000219,CHEMBL1130052,J Med Chem,1997
CHEMBL217,D(2) dopamine receptor,CHEMBL49502,CHEMBL49502,N#Cc1ccccc1N1CCN(CNC(=O)c2cccc(Cl)c2)CC1,6.05,Ki,=,897.0,nM,CHEMBL671981,B,BAO_0000219,CHEMBL1130052,J Med Chem,1997
CHEMBL217,D(2) dopamine receptor,CHEMBL296953,CHEMBL296953,O=C(NCN1CCN(c2ccccc2Cl)CC1)c1ccc(Cl)cc1,6.30,Ki,=,495.0,nM,CHEMBL671981,B,BAO_0000219,CHEMBL1130052,J Med Chem,1997
CHEMBL217,D(2) dopamine receptor,CHEMBL413483,CHEMBL413483,CCC(C)N1CCC[C@@H](c2cccc(C#N)c2)C1,7.01,Ki,=,98.0,nM,CHEMBL678343,B,BAO_0000219,CHEMBL1127438,J Med Chem,1994
CHEMBL217,D(2) dopamine receptor,CHEMBL413483,CHEMBL413483,CCC(C)N1CCC[C@@H](c2cccc(C#N)c2)C1,6.73,Ki,=,187.0,nM,CHEMBL679938,B,BAO_0000219,CHEMBL1127438,J Med Chem,1994
CHEMBL217,D(2) dopamine receptor,CHEMBL281048,CHEMBL281048,CN1CCc2ccc3c4c2[C@H]1Cc1cccc(c1-4)[C@H]3N,6.58,Ki,=,261.0,nM,CHEMBL672309,B,BAO_0000357,CHEMBL1145819,J Med Chem,2003
CHEMBL217,D(2) dopamine receptor,CHEMBL48819,CHEMBL48819,COc1ccccc1N1CCN(CNC(=O)c2cccc(Cl)c2)CC1,6.35,Ki,=,451.0,nM,CHEMBL671981,B,BAO_0000219,CHEMBL1130052,J Med Chem,1997
CHEMBL217,D(2) dopamine receptor,CHEMBL295094,CHEMBL295094,O=C(NCN1CCN(c2ccccc2Cl)CC1)c1cccc(Cl)c1,5.62,Ki,=,2420.0,nM,CHEMBL671981,B,BAO_0000219,CHEMBL1130052,J Med Chem,1997
CHEMBL217,D(2) dopamine receptor,CHEMBL357416,CHEMBL357416,Oc1ccc(C2=CCC[C@@H](CN3CC=C(c4ccccc4)CC3)C2)cc1,8.46,Ki,=,3.5,nM,CHEMBL672911,B,BAO_0000357,CHEMBL1128721,J Med Chem,1995
CHEMBL217,D(2) dopamine receptor,CHEMBL357416,CHEMBL357416,Oc1ccc(C2=CCC[C@@H](CN3CC=C(c4ccccc4)CC3)C2)cc1,9.70,Ki,=,0.2,nM,CHEMBL672910,B,BAO_0000357,CHEMBL1128721,J Med Chem,1995
CHEMBL217,D(2) dopamine receptor,CHEMBL92578,CHEMBL92578,CCCN1CCC[C@@H](c2cccc(C=O)c2)C1,6.84,Ki,=,145.0,nM,CHEMBL678343,B,BAO_0000219,CHEMBL1127438,J Med Chem,1994
CHEMBL217,D(2) dopamine receptor,CHEMBL420067,CHEMBL420067,COc1ccc2c(c1)C(CCCN1CCN(c3ccc(Cl)cc3)CC1)CCC2,6.01,Ki,=,980.0,nM,CHEMBL673083,B,BAO_0000357,CHEMBL1133667,J Med Chem,2000
CHEMBL217,D(2) dopamine receptor,CHEMBL48807,CHEMBL48807,COc1ccccc1N1CCN(CNC(=O)c2ccccc2)CC1,5.73,Ki,=,1880.0,nM,CHEMBL671981,B,BAO_0000219,CHEMBL1130052,J Med Chem,1997
CHEMBL217,D(2) dopamine receptor,CHEMBL90374,CHEMBL90374,Clc1ccc(N2CCN(Cc3cccn4nccc34)CC2)cc1,4.80,Ki,=,16000.0,nM,CHEMBL672382,B,BAO_0000357,CHEMBL1134560,J Med Chem,2001
CHEMBL217,D(2) dopamine receptor,CHEMBL90374,CHEMBL90374,Clc1ccc(N2CCN(Cc3cccn4nccc34)CC2)cc1,4.68,Ki,=,21000.0,nM,CHEMBL672572,B,BAO_0000357,CHEMBL1134560,J Med Chem,2001
CHEMBL217,D(2) dopamine receptor,CHEMBL7927,CHEMBL7927,Clc1ccc(N2CCN(Cc3cnn4ccccc34)CC2)cc1,5.50,Ki,=,3200.0,nM,CHEMBL672382,B,BAO_0000357,CHEMBL1134560,J Med Chem,2001
CHEMBL217,D(2) dopamine receptor,CHEMBL7927,CHEMBL7927,Clc1ccc(N2CCN(Cc3cnn4ccccc34)CC2)cc1,5.37,Ki,=,4300.0,nM,CHEMBL672572,B,BAO_0000357,CHEMBL1134560,J Med Chem,2001
CHEMBL217,D(2) dopamine receptor,CHEMBL38580,CHEMBL38580,CCCN(CCC)C1COc2c(cccc2-c2ccoc2)C1,7.32,Ki,=,47.5,nM,CHEMBL669149,B,BAO_0000219,CHEMBL1132392,Bioorg Med Chem Lett,1999
CHEMBL217,D(2) dopamine receptor,CHEMBL100454,CHEMBL100454,CN1CCN(C2=Nc3ccccc3Nc3sc(CO)cc32)CC1,7.66,Ki,=,22.0,nM,CHEMBL671419,B,BAO_0000357,CHEMBL1150510,Bioorg Med Chem Lett,1997
CHEMBL217,D(2) dopamine receptor,CHEMBL88937,CHEMBL88937,Clc1ccc(N2CCN(Cc3cccc4ccnn34)CC2)cc1,4.51,Ki,=,31000.0,nM,CHEMBL672382,B,BAO_0000357,CHEMBL1134560,J Med Chem,2001
CHEMBL217,D(2) dopamine receptor,CHEMBL88937,CHEMBL88937,Clc1ccc(N2CCN(Cc3cccc4ccnn34)CC2)cc1,4.17,Ki,=,67000.0,nM,CHEMBL672572,B,BAO_0000357,CHEMBL1134560,J Med Chem,2001
CHEMBL217,D(2) dopamine receptor,CHEMBL300647,CHEMBL300647,CN(C)C1C=CC2(CC1)c1ccccc1C=Cc1ccc(Cl)cc12,9.18,Ki,=,0.66,nM,CHEMBL670964,B,BAO_0000357,CHEMBL1125700,J Med Chem,1991
CHEMBL217,D(2) dopamine receptor,CHEMBL39847,CHEMBL39847,CCCN(CCC)C1COc2c(cccc2-c2ccsc2)C1,6.40,Ki,=,398.0,nM,CHEMBL669149,B,BAO_0000219,CHEMBL1132392,Bioorg Med Chem Lett,1999
CHEMBL217,D(2) dopamine receptor,CHEMBL310843,CHEMBL310843,Clc1ccc(N2CCN(Cc3cc4ccccn4n3)CC2)cc1,5.47,Ki,=,3400.0,nM,CHEMBL672382,B,BAO_0000357,CHEMBL1134560,J Med Chem,2001
CHEMBL217,D(2) dopamine receptor,CHEMBL310843,CHEMBL310843,Clc1ccc(N2CCN(Cc3cc4ccccn4n3)CC2)cc1,5.20,Ki,=,6300.0,nM,CHEMBL672572,B,BAO_0000357,CHEMBL1134560,J Med Chem,2001
CHEMBL217,D(2) dopamine receptor,CHEMBL41200,CHEMBL41200,CCCN(CCC)C1COc2c(cccc2-c2ccc(OC)cc2)C1,5.96,Ki,=,1090.0,nM,CHEMBL669149,B,BAO_0000219,CHEMBL1132392,Bioorg Med Chem Lett,1999
CHEMBL217,D(2) dopamine receptor,CHEMBL432059,CHEMBL432059,Clc1ccc(N2CCN(Cc3ccc4ccnn4c3)CC2)cc1,4.89,Ki,=,13000.0,nM,CHEMBL672382,B,BAO_0000357,CHEMBL1134560,J Med Chem,2001
CHEMBL217,D(2) dopamine receptor,CHEMBL432059,CHEMBL432059,Clc1ccc(N2CCN(Cc3ccc4ccnn4c3)CC2)cc1,4.82,Ki,=,15000.0,nM,CHEMBL672572,B,BAO_0000357,CHEMBL1134560,J Med Chem,2001
CHEMBL217,D(2) dopamine receptor,CHEMBL715,CHEMBL715,Cc1cc2c(s1)Nc1ccccc1N=C2N1CCN(C)CC1,7.70,Ki,=,20.0,nM,CHEMBL671419,B,BAO_0000357,CHEMBL1150510,Bioorg Med Chem Lett,1997
CHEMBL217,D(2) dopamine receptor,CHEMBL348285,CHEMBL348285,CN[C@@H]1Cc2cccc3ncn(c23)C1,6.45,Ki,=,355.0,nM,CHEMBL672313,B,BAO_0000357,CHEMBL1130416,J Med Chem,1997
CHEMBL217,D(2) dopamine receptor,CHEMBL531,CHEMBL531,CCCN1C[C@H](CSC)C[C@@H]2c3cccc4[nH]cc(c34)C[C@H]21,8.40,Ki,=,4.0,nM,CHEMBL672313,B,BAO_0000357,CHEMBL1130416,J Med Chem,1997
CHEMBL217,D(2) dopamine receptor,CHEMBL157138,CHEMBL157138,CCN(CC)C(=O)N[C@H]1C=C2c3cccc4[nH]cc(c34)C[C@H]2N(C)C1,9.30,Ki,=,0.5,nM,CHEMBL672313,B,BAO_0000357,CHEMBL1130416,J Med Chem,1997
CHEMBL217,D(2) dopamine receptor,CHEMBL419792,CHEMBL419792,CN[C@@H]1Cc2cccc3[nH]c(=O)n(c23)C1,8.05,Ki,=,9.0,nM,CHEMBL672313,B,BAO_0000357,CHEMBL1130416,J Med Chem,1997
CHEMBL217,D(2) dopamine receptor,CHEMBL91362,CHEMBL91362,CCOC(=O)c1cnn2cccc(CN3CCN(c4ccc(Cl)cc4)CC3)c12,4.43,Ki,=,37000.0,nM,CHEMBL672382,B,BAO_0000357,CHEMBL1134560,J Med Chem,2001
CHEMBL217,D(2) dopamine receptor,CHEMBL91362,CHEMBL91362,CCOC(=O)c1cnn2cccc(CN3CCN(c4ccc(Cl)cc4)CC3)c12,4.35,Ki,=,45000.0,nM,CHEMBL672572,B,BAO_0000357,CHEMBL1134560,J Med Chem,2001
CHEMBL217,D(2) dopamine receptor,CHEMBL300647,CHEMBL300647,CN(C)C1C=CC2(CC1)c1ccccc1C=Cc1ccc(Cl)cc12,8.19,Ki,=,6.5,nM,CHEMBL670963,B,BAO_0000357,CHEMBL1125700,J Med Chem,1991
CHEMBL217,D(2) dopamine receptor,CHEMBL345458,CHEMBL345458,CN(C)[C@@H]1Cc2cccc3ncn(c23)C1,5.89,Ki,=,1281.0,nM,CHEMBL672313,B,BAO_0000357,CHEMBL1130416,J Med Chem,1997
CHEMBL217,D(2) dopamine receptor,CHEMBL493,CHEMBL493,CC(C)C[C@H]1C(=O)N2CCC[C@H]2[C@]2(O)O[C@](NC(=O)[C@@H]3C=C4c5cccc6[nH]c(Br)c(c56)C[C@H]4N(C)C3)(C(C)C)C(=O)N12,8.00,Ki,=,10.0,nM,CHEMBL672313,B,BAO_0000357,CHEMBL1130416,J Med Chem,1997
CHEMBL217,D(2) dopamine receptor,CHEMBL1125,CHEMBL1125,Cc1cc2c(s1)Nc1ccccc1N=C2N1CCNCC1,8.05,Ki,=,9.0,nM,CHEMBL671419,B,BAO_0000357,CHEMBL1150510,Bioorg Med Chem Lett,1997
CHEMBL217,D(2) dopamine receptor,CHEMBL42,CHEMBL42,CN1CCN(C2=Nc3cc(Cl)ccc3Nc3ccccc32)CC1,7.39,Ki,=,41.0,nM,CHEMBL672382,B,BAO_0000357,CHEMBL1134560,J Med Chem,2001
CHEMBL217,D(2) dopamine receptor,CHEMBL42,CHEMBL42,CN1CCN(C2=Nc3cc(Cl)ccc3Nc3ccccc32)CC1,7.55,Ki,=,28.0,nM,CHEMBL672572,B,BAO_0000357,CHEMBL1134560,J Med Chem,2001
CHEMBL217,D(2) dopamine receptor,CHEMBL38428,CHEMBL38428,CCCN(CCC)C1COc2c(O)cccc2C1,6.89,Ki,=,128.0,nM,CHEMBL669149,B,BAO_0000219,CHEMBL1132392,Bioorg Med Chem Lett,1999
CHEMBL217,D(2) dopamine receptor,CHEMBL43073,CHEMBL43073,CCCN(CCC)C1COc2c(cccc2-c2ccc(C(F)(F)F)cc2)C1,6.12,Ki,=,763.0,nM,CHEMBL669149,B,BAO_0000219,CHEMBL1132392,Bioorg Med Chem Lett,1999
CHEMBL217,D(2) dopamine receptor,CHEMBL589,CHEMBL589,CCCN(CCC)CCc1cccc2c1CC(=O)N2,8.14,Ki,=,7.2,nM,CHEMBL672313,B,BAO_0000357,CHEMBL1130416,J Med Chem,1997
CHEMBL217,D(2) dopamine receptor,CHEMBL422344,CHEMBL422344,CN(C)[C@@H]1Cc2cccc3nc(O)n(c23)C1,7.92,Ki,=,12.0,nM,CHEMBL672313,B,BAO_0000357,CHEMBL1130416,J Med Chem,1997
CHEMBL217,D(2) dopamine receptor,CHEMBL38656,CHEMBL38656,CCCN(CCC)C1COc2c(cccc2C(=O)c2ccoc2)C1,5.87,Ki,=,1360.0,nM,CHEMBL669149,B,BAO_0000219,CHEMBL1132392,Bioorg Med Chem Lett,1999
CHEMBL217,D(2) dopamine receptor,CHEMBL440512,CHEMBL440512,Cc1cc2c(s1)Nc1ccccc1N=C2N1CC[N+](C)([O-])CC1,6.92,Ki,=,119.0,nM,CHEMBL671419,B,BAO_0000357,CHEMBL1150510,Bioorg Med Chem Lett,1997
CHEMBL217,D(2) dopamine receptor,CHEMBL45491,CHEMBL45491,CN(C)C1C=CC2(CC1)c1ccccc1CCc1ccc(Cl)cc12,8.70,Ki,=,2.0,nM,CHEMBL670964,B,BAO_0000357,CHEMBL1125700,J Med Chem,1991
CHEMBL217,D(2) dopamine receptor,CHEMBL328925,CHEMBL328925,OCc1cnn2cccc(CN3CCN(c4ccc(Cl)cc4)CC3)c12,4.41,Ki,=,39000.0,nM,CHEMBL672382,B,BAO_0000357,CHEMBL1134560,J Med Chem,2001
CHEMBL217,D(2) dopamine receptor,CHEMBL328925,CHEMBL328925,OCc1cnn2cccc(CN3CCN(c4ccc(Cl)cc4)CC3)c12,4.28,Ki,=,53000.0,nM,CHEMBL672572,B,BAO_0000357,CHEMBL1134560,J Med Chem,2001
CHEMBL217,D(2) dopamine receptor,CHEMBL434665,CHEMBL434665,CCCN[C@@H]1Cc2cccc3nc(O)n(c23)C1,8.60,Ki,=,2.5,nM,CHEMBL672313,B,BAO_0000357,CHEMBL1130416,J Med Chem,1997
CHEMBL217,D(2) dopamine receptor,CHEMBL41134,CHEMBL41134,CCCN(CCC)C1COc2c(cccc2-c2ccccc2)C1,6.23,Ki,=,590.0,nM,CHEMBL669149,B,BAO_0000219,CHEMBL1132392,Bioorg Med Chem Lett,1999
CHEMBL217,D(2) dopamine receptor,CHEMBL56,CHEMBL56,CCCN(CCC)C1CCc2cccc(O)c2C1,5.49,Ki,=,3243.0,nM,CHEMBL673097,B,BAO_0000219,CHEMBL1126858,J Med Chem,1993
CHEMBL217,D(2) dopamine receptor,CHEMBL122533,CHEMBL122533,COc1cc(N)c(Cl)cc1C(=O)NC1CC2CCCC(C1)N2Cc1ccccc1,9.60,Ki,=,0.2512,nM,CHEMBL670399,B,BAO_0000357,CHEMBL1128138,Bioorg Med Chem Lett,1995
CHEMBL217,D(2) dopamine receptor,CHEMBL1744089,CHEMBL1744089,CCCN[C@@H]1CCc2ccc3[nH]c(C(N)=O)cc3c2C1,6.07,Ki,=,857.0,nM,CHEMBL670667,B,BAO_0000219,CHEMBL1126741,J Med Chem,1993
CHEMBL217,D(2) dopamine receptor,CHEMBL148694,CHEMBL148694,Cc1ccc2c(c1)C(NC1CC3CCC(C1)N3Cc1ccccc1)=Nc1cccnc1N2,6.83,Ki,=,149.0,nM,CHEMBL673081,B,BAO_0000219,CHEMBL1135647,J Med Chem,2002
CHEMBL217,D(2) dopamine receptor,CHEMBL1788192,CHEMBL1788192,CCCN(CC1CC1)[C@@H]1CCc2ccc3[nH]c(C(N)=O)cc3c2C1,6.41,Ki,=,389.0,nM,CHEMBL670667,B,BAO_0000219,CHEMBL1126741,J Med Chem,1993
CHEMBL217,D(2) dopamine receptor,CHEMBL358657,CHEMBL358657,Cc1ccc2c(c1)C(NC1CCN(Cc3ccccc3)CC1)=Nc1cccnc1N2,6.74,Ki,=,183.0,nM,CHEMBL673081,B,BAO_0000219,CHEMBL1135647,J Med Chem,2002
CHEMBL217,D(2) dopamine receptor,CHEMBL146856,CHEMBL146856,Clc1ccc2c(c1)C(N1CCN(Cc3ccccc3)CC1)=Nc1cccnc1N2,5.00,Ki,=,9943.0,nM,CHEMBL673081,B,BAO_0000219,CHEMBL1135647,J Med Chem,2002
CHEMBL228,Sodium-dependent serotonin transporter,CHEMBL322923,CHEMBL322923,COC(=O)C1=C(c2ccc(Cl)c(Cl)c2)CC2CCC1C2,5.29,IC50,=,5160.0,nM,CHEMBL806861,B,BAO_0000221,CHEMBL1132078,Bioorg Med Chem Lett,1999
CHEMBL228,Sodium-dependent serotonin transporter,CHEMBL435341,CHEMBL435341,C/C=C\c1ccc([C@H]2CC3CCC([C@H]2C(=O)OC)N3C)cc1,8.94,IC50,=,1.15,nM,CHEMBL808141,B,BAO_0000357,CHEMBL1136726,J Med Chem,2003
CHEMBL228,Sodium-dependent serotonin transporter,CHEMBL311347,CHEMBL311347,COC(=O)[C@@H]1C2CC[C@H](C[C@@H]1c1ccc(I)cc1)N2C,8.38,IC50,=,4.2,nM,CHEMBL873260,B,BAO_0000357,CHEMBL1136726,J Med Chem,2003
CHEMBL228,Sodium-dependent serotonin transporter,CHEMBL100941,CHEMBL100941,COC(=O)C1C2CCC(C2)CC1c1ccc(Cl)c(Cl)c1,7.48,IC50,=,33.4,nM,CHEMBL806861,B,BAO_0000221,CHEMBL1132078,Bioorg Med Chem Lett,1999
CHEMBL228,Sodium-dependent serotonin transporter,CHEMBL87031,CHEMBL87031,COC(=O)C1C(c2ccc(Cl)c(Cl)c2)CC2CCC1N2C,7.56,IC50,=,27.6,nM,CHEMBL806861,B,BAO_0000221,CHEMBL1132078,Bioorg Med Chem Lett,1999
CHEMBL228,Sodium-dependent serotonin transporter,CHEMBL316342,CHEMBL316342,COC(=O)C1C2CCC(CC1c1ccc(Cl)c(Cl)c1)O2,8.19,IC50,=,6.5,nM,CHEMBL806861,B,BAO_0000221,CHEMBL1132078,Bioorg Med Chem Lett,1999
CHEMBL228,Sodium-dependent serotonin transporter,CHEMBL169429,CHEMBL169429,COC(=O)C1=C(c2ccc(Cl)c(Cl)c2)CC2CCC1O2,5.71,IC50,=,1960.0,nM,CHEMBL806861,B,BAO_0000221,CHEMBL1132078,Bioorg Med Chem Lett,1999
CHEMBL228,Sodium-dependent serotonin transporter,CHEMBL367408,CHEMBL367408,C=Cc1ccc([C@H]2CC3CCC(N3)[C@H]2C(=O)CC)cc1,9.49,IC50,=,0.32,nM,CHEMBL808141,B,BAO_0000357,CHEMBL1136726,J Med Chem,2003
CHEMBL228,Sodium-dependent serotonin transporter,CHEMBL88915,CHEMBL88915,COC(=O)C1=C(c2ccc(Cl)c(Cl)c2)CC2CCC1N2C,6.06,IC50,=,867.0,nM,CHEMBL806861,B,BAO_0000221,CHEMBL1132078,Bioorg Med Chem Lett,1999
CHEMBL228,Sodium-dependent serotonin transporter,CHEMBL173344,CHEMBL173344,C=C(C)c1ccc([C@H]2CC3CCC(N3)[C@H]2C(=O)CC)cc1,9.80,IC50,=,0.16,nM,CHEMBL808141,B,BAO_0000357,CHEMBL1136726,J Med Chem,2003
CHEMBL228,Sodium-dependent serotonin transporter,CHEMBL353333,CHEMBL353333,COC(=O)[C@@H]1C2CCC(C[C@@H]1c1ccc(I)cc1)N2,9.44,IC50,=,0.36,nM,CHEMBL873260,B,BAO_0000357,CHEMBL1136726,J Med Chem,2003
CHEMBL228,Sodium-dependent serotonin transporter,CHEMBL169471,CHEMBL169471,COC(=O)C1C2CCC(CC1c1ccc(Cl)c(Cl)c1)N2,8.91,IC50,=,1.24,nM,CHEMBL806861,B,BAO_0000221,CHEMBL1132078,Bioorg Med Chem Lett,1999
CHEMBL228,Sodium-dependent serotonin transporter,CHEMBL173594,CHEMBL173594,C/C=C/c1ccc([C@H]2CC3CCC([C@H]2C(=O)OC)N3C)cc1,8.89,IC50,=,1.3,nM,CHEMBL808141,B,BAO_0000357,CHEMBL1136726,J Med Chem,2003
CHEMBL228,Sodium-dependent serotonin transporter,CHEMBL370805,CHEMBL370805,COC(=O)[C@H]1[C@@H](OC(=O)c2ccccc2)C[C@@H]2CC[C@H]1N2C,6.57,IC50,=,270.0,nM,CHEMBL806861,B,BAO_0000221,CHEMBL1132078,Bioorg Med Chem Lett,1999
CHEMBL228,Sodium-dependent serotonin transporter,CHEMBL2079586,CHEMBL2079586,COC(=O)[C@H]1[C@@H](c2ccc(F)cc2)C[C@H]2CC[C@H]1N2C,6.80,IC50,=,160.0,nM,CHEMBL801199,B,BAO_0000357,CHEMBL1127828,J Med Chem,1994
CHEMBL228,Sodium-dependent serotonin transporter,CHEMBL1201203,CHEMBL1201203,CN1[C@@H]2CC[C@H]1C[C@@H](OC(c1ccccc1)c1ccccc1)C2,4.62,IC50,=,24100.0,nM,CHEMBL801199,B,BAO_0000357,CHEMBL1127828,J Med Chem,1994
CHEMBL228,Sodium-dependent serotonin transporter,CHEMBL607377,CHEMBL607377,COC(=O)C1C2CC[C@H](C[C@H]1OC(c1ccc(F)cc1)c1ccc(F)cc1)N2C,5.39,IC50,=,4087.0,nM,CHEMBL801199,B,BAO_0000357,CHEMBL1127828,J Med Chem,1994
CHEMBL228,Sodium-dependent serotonin transporter,CHEMBL359447,CHEMBL359447,Cc1nnc(-c2ccc(-c3ccc(C(=O)Nc4ccc(O)c(N5CCN(C)CC5)c4)cc3)c(C)c2)o1,5.33,IC50,=,4700.0,nM,CHEMBL884710,B,BAO_0000357,CHEMBL1133697,J Med Chem,2000
CHEMBL228,Sodium-dependent serotonin transporter,CHEMBL151420,CHEMBL151420,Cc1nc(-c2ccc(-c3ccc(C(=O)Nc4ccc(OCCF)c(N5CCN(C)CC5)c4)cc3)c(C)c2)no1,6.05,IC50,=,900.0,nM,CHEMBL884710,B,BAO_0000357,CHEMBL1133697,J Med Chem,2000
CHEMBL228,Sodium-dependent serotonin transporter,CHEMBL443762,CHEMBL443762,Cc1nnc(-c2ccc(-c3ccc(C(=O)Nc4ccc(OS(C)(=O)=O)c(N5CCN(C)CC5)c4)cc3)c(C)c2)o1,5.42,IC50,=,3800.0,nM,CHEMBL884710,B,BAO_0000357,CHEMBL1133697,J Med Chem,2000
CHEMBL228,Sodium-dependent serotonin transporter,CHEMBL607430,CHEMBL607430,COC(=O)C1C2CC[C@H](C[C@@H]1OC(c1ccc(F)cc1)c1ccc(F)cc1)N2C,5.26,IC50,=,5500.0,nM,CHEMBL801199,B,BAO_0000357,CHEMBL1127828,J Med Chem,1994
CHEMBL228,Sodium-dependent serotonin transporter,CHEMBL147503,CHEMBL147503,COc1ccc(NC(=O)c2ccc(-c3ccc(C(=N)N)cc3C)cc2)cc1N1CCN(C)CC1,6.39,IC50,=,407.0,nM,CHEMBL884710,B,BAO_0000357,CHEMBL1133697,J Med Chem,2000
CHEMBL228,Sodium-dependent serotonin transporter,CHEMBL310650,CHEMBL310650,COC(=O)[C@@H]1C2CCC(C[C@@H]1OC(c1ccc(F)cc1)c1ccc(F)cc1)N2C,5.45,IC50,=,3530.0,nM,CHEMBL801199,B,BAO_0000357,CHEMBL1127828,J Med Chem,1994
CHEMBL228,Sodium-dependent serotonin transporter,CHEMBL281350,CHEMBL281350,Cc1nc(-c2ccc(-c3ccc(C(=O)N4CCc5cc6c(cc54)C4(CCN(C)CC4)CO6)cc3)c(C)c2)no1,5.33,IC50,=,4700.0,nM,CHEMBL884710,B,BAO_0000357,CHEMBL1133697,J Med Chem,2000
CHEMBL228,Sodium-dependent serotonin transporter,CHEMBL607431,CHEMBL607431,COC(=O)[C@@H]1[C@H]2CCC(C[C@H]1OC(c1ccc(F)cc1)c1ccc(F)cc1)N2C,5.74,IC50,=,1830.0,nM,CHEMBL801199,B,BAO_0000357,CHEMBL1127828,J Med Chem,1994
CHEMBL228,Sodium-dependent serotonin transporter,CHEMBL15928,CHEMBL15928,COc1ccc(NC(=O)c2ccc(-c3ccc(-c4noc(C)n4)cc3C)cc2)cc1N1CCN(C)CC1,6.00,IC50,=,1000.0,nM,CHEMBL884710,B,BAO_0000357,CHEMBL1133697,J Med Chem,2000
CHEMBL228,Sodium-dependent serotonin transporter,CHEMBL300226,CHEMBL300226,COC(=O)C1C2CC[C@H](C[C@@H]1c1ccc(I)cc1)N2C,8.60,IC50,=,2.53,nM,CHEMBL801199,B,BAO_0000357,CHEMBL1127828,J Med Chem,1994
CHEMBL228,Sodium-dependent serotonin transporter,CHEMBL544370,CHEMBL1193030,Cl.OC1(c2ccc3c(c2)OCO3)c2ccccc2C2=NCCCN21,7.08,IC50,=,83.0,nM,CHEMBL807030,F,BAO_0000219,CHEMBL1135775,J Med Chem,2002
CHEMBL228,Sodium-dependent serotonin transporter,CHEMBL417049,CHEMBL417049,CN(CCOC(c1ccccc1)c1ccccc1)C1CCN(CCCc2ccccc2)CC1,5.72,IC50,=,1910.0,nM,CHEMBL806214,B,BAO_0000219,CHEMBL1133662,J Med Chem,2000
CHEMBL228,Sodium-dependent serotonin transporter,CHEMBL26320,CHEMBL26320,c1ccc(CCCN2CCN(CCOC(c3ccccc3)c3ccccc3)CC2)cc1,5.43,IC50,=,3710.0,nM,CHEMBL806214,B,BAO_0000219,CHEMBL1133662,J Med Chem,2000
CHEMBL228,Sodium-dependent serotonin transporter,CHEMBL370805,CHEMBL370805,COC(=O)[C@H]1[C@@H](OC(=O)c2ccccc2)C[C@@H]2CC[C@H]1N2C,6.47,IC50,=,338.0,nM,CHEMBL807030,F,BAO_0000219,CHEMBL1135775,J Med Chem,2002
CHEMBL228,Sodium-dependent serotonin transporter,CHEMBL336100,CHEMBL336100,OC1(c2ccc(Cl)cc2)c2cccc(F)c2C2=NCCN21,6.89,IC50,=,129.0,nM,CHEMBL807030,F,BAO_0000219,CHEMBL1135775,J Med Chem,2002
CHEMBL228,Sodium-dependent serotonin transporter,CHEMBL781,CHEMBL781,OC1(c2ccc(Cl)cc2)c2ccccc2C2=NCCN21,7.03,IC50,=,94.0,nM,CHEMBL807030,F,BAO_0000219,CHEMBL1135775,J Med Chem,2002
CHEMBL228,Sodium-dependent serotonin transporter,CHEMBL67024,CHEMBL67024,Fc1ccc(CCNC2CCN(CCOC(c3ccccc3)c3ccccc3)CC2)cc1,6.33,IC50,=,470.0,nM,CHEMBL806214,B,BAO_0000219,CHEMBL1133662,J Med Chem,2000
CHEMBL228,Sodium-dependent serotonin transporter,CHEMBL130668,CHEMBL130668,Oc1ccc(C2(O)c3ccccc3C3=NCCCN32)cc1,7.22,IC50,=,60.0,nM,CHEMBL807030,F,BAO_0000219,CHEMBL1135775,J Med Chem,2002
CHEMBL228,Sodium-dependent serotonin transporter,CHEMBL443797,CHEMBL443797,CN(CCCc1ccccc1)C1CCN(CCOC(c2ccccc2)c2ccccc2)CC1,6.51,IC50,=,310.0,nM,CHEMBL806214,B,BAO_0000219,CHEMBL1133662,J Med Chem,2000
CHEMBL228,Sodium-dependent serotonin transporter,CHEMBL370805,CHEMBL370805,COC(=O)[C@H]1[C@@H](OC(=O)c2ccccc2)C[C@@H]2CC[C@H]1N2C,6.47,IC50,=,340.0,nM,CHEMBL806214,B,BAO_0000219,CHEMBL1133662,J Med Chem,2000
CHEMBL228,Sodium-dependent serotonin transporter,CHEMBL278080,CHEMBL278080,Fc1ccc2[nH]cc(CC3CCNCC3)c2c1,6.77,IC50,=,170.0,nM,CHEMBL702340,F,BAO_0000218,CHEMBL1121570,J Med Chem,1980
CHEMBL228,Sodium-dependent serotonin transporter,CHEMBL421867,CHEMBL421867,c1ccc(CCCNC2CCN(CCOC(c3ccccc3)c3ccccc3)CC2)cc1,6.41,IC50,=,390.0,nM,CHEMBL806214,B,BAO_0000219,CHEMBL1133662,J Med Chem,2000
CHEMBL228,Sodium-dependent serotonin transporter,CHEMBL336940,CHEMBL336940,COc1cccc2c1C1=NCCN1C2(O)c1ccc(Cl)cc1,6.55,IC50,=,280.0,nM,CHEMBL807030,F,BAO_0000219,CHEMBL1135775,J Med Chem,2002
CHEMBL228,Sodium-dependent serotonin transporter,CHEMBL66112,CHEMBL66112,Fc1ccc(CCN2CCCC(CNCCOC(c3ccccc3)c3ccccc3)C2)cc1,5.95,IC50,=,1130.0,nM,CHEMBL806214,B,BAO_0000219,CHEMBL1133662,J Med Chem,2000
CHEMBL228,Sodium-dependent serotonin transporter,CHEMBL133043,CHEMBL133043,COc1ccc(C2(O)c3ccccc3C3=NCCCN32)cc1,7.03,IC50,=,94.0,nM,CHEMBL807030,F,BAO_0000219,CHEMBL1135775,J Med Chem,2002
CHEMBL228,Sodium-dependent serotonin transporter,CHEMBL133902,CHEMBL133902,OC1(c2ccccc2)c2ccccc2C2=NCCN21,5.67,IC50,=,2140.0,nM,CHEMBL807030,F,BAO_0000219,CHEMBL1135775,J Med Chem,2002
CHEMBL228,Sodium-dependent serotonin transporter,CHEMBL25416,CHEMBL25416,Brc1ccc2[nH]cc(CC3CCNCC3)c2c1,6.00,IC50,=,1000.0,nM,CHEMBL702340,F,BAO_0000218,CHEMBL1121570,J Med Chem,1980
CHEMBL228,Sodium-dependent serotonin transporter,CHEMBL63703,CHEMBL63703,c1ccc(CN2CCC(NCCOC(c3ccccc3)c3ccccc3)CC2)cc1,5.73,IC50,=,1860.0,nM,CHEMBL806214,B,BAO_0000219,CHEMBL1133662,J Med Chem,2000
CHEMBL228,Sodium-dependent serotonin transporter,CHEMBL543980,CHEMBL1192697,Cl.Cn1cc(CCC2CCNCC2)c2ccccc21,6.40,IC50,=,400.0,nM,CHEMBL702340,F,BAO_0000218,CHEMBL1121570,J Med Chem,1980
CHEMBL228,Sodium-dependent serotonin transporter,CHEMBL1159866,CHEMBL1199319,O=C(O)/C=C/C(=O)O.Oc1ccc2[nH]cc(CCC3CCNCC3)c2c1,7.70,IC50,=,20.0,nM,CHEMBL702340,F,BAO_0000218,CHEMBL1121570,J Med Chem,1980
CHEMBL228,Sodium-dependent serotonin transporter,CHEMBL25428,CHEMBL25428,Clc1ccc2[nH]cc(CCC3CCNCC3)c2c1,6.66,IC50,=,220.0,nM,CHEMBL702340,F,BAO_0000218,CHEMBL1121570,J Med Chem,1980
CHEMBL228,Sodium-dependent serotonin transporter,CHEMBL24042,CHEMBL24042,c1ccc2c(CCCC3CCNCC3)c[nH]c2c1,7.22,IC50,=,60.0,nM,CHEMBL702340,F,BAO_0000218,CHEMBL1121570,J Med Chem,1980
CHEMBL228,Sodium-dependent serotonin transporter,CHEMBL415,CHEMBL415,CN(C)CCCN1c2ccccc2CCc2ccc(Cl)cc21,7.16,IC50,=,70.0,nM,CHEMBL702340,F,BAO_0000218,CHEMBL1121570,J Med Chem,1980
CHEMBL228,Sodium-dependent serotonin transporter,CHEMBL67203,CHEMBL67203,c1ccc(CCCN2CCCC(CNCCOC(c3ccccc3)c3ccccc3)C2)cc1,6.09,IC50,=,820.0,nM,CHEMBL806214,B,BAO_0000219,CHEMBL1133662,J Med Chem,2000
CHEMBL228,Sodium-dependent serotonin transporter,CHEMBL132683,CHEMBL132683,COC(=O)C1C(c2ccc(O)c(O)c2)CC2CCC1N2C,6.51,IC50,=,308.0,nM,CHEMBL619198,B,BAO_0000219,CHEMBL1136450,Bioorg Med Chem Lett,2003
CHEMBL228,Sodium-dependent serotonin transporter,CHEMBL276520,CHEMBL276520,c1ccc2c(CCC3CCNCC3)c[nH]c2c1,7.52,IC50,=,30.0,nM,CHEMBL702340,F,BAO_0000218,CHEMBL1121570,J Med Chem,1980
CHEMBL228,Sodium-dependent serotonin transporter,CHEMBL130477,CHEMBL130477,OC1(c2ccc(Cl)cc2)c2ccccc2C2=NCCCN21,7.28,IC50,=,53.0,nM,CHEMBL807030,F,BAO_0000219,CHEMBL1135775,J Med Chem,2002
CHEMBL228,Sodium-dependent serotonin transporter,CHEMBL132955,CHEMBL132955,OC1(c2ccc(Cl)cc2)c2cc(Cl)c(Cl)cc2C2=NCCN21,6.35,IC50,=,444.0,nM,CHEMBL807030,F,BAO_0000219,CHEMBL1135775,J Med Chem,2002
CHEMBL228,Sodium-dependent serotonin transporter,CHEMBL370805,CHEMBL370805,COC(=O)[C@H]1[C@@H](OC(=O)c2ccccc2)C[C@@H]2CC[C@H]1N2C,6.49,IC50,=,325.0,nM,CHEMBL875081,B,BAO_0000219,CHEMBL1136450,Bioorg Med Chem Lett,2003
CHEMBL228,Sodium-dependent serotonin transporter,CHEMBL133070,CHEMBL133070,COC(=O)C1C(c2ccc(C(C)=O)c(C(C)=O)c2)CC2CCC1N2C,6.48,IC50,=,330.0,nM,CHEMBL619198,B,BAO_0000219,CHEMBL1136450,Bioorg Med Chem Lett,2003
CHEMBL228,Sodium-dependent serotonin transporter,CHEMBL335423,CHEMBL335423,COC(=O)C1C(c2ccc(OC)c(OC)c2)CC2CCC1N2C,7.64,IC50,=,23.0,nM,CHEMBL619198,B,BAO_0000219,CHEMBL1136450,Bioorg Med Chem Lett,2003
CHEMBL228,Sodium-dependent serotonin transporter,CHEMBL67078,CHEMBL67078,c1ccc(CCCNCC2CCCN(CCOC(c3ccccc3)c3ccccc3)C2)cc1,6.11,IC50,=,770.0,nM,CHEMBL806214,B,BAO_0000219,CHEMBL1133662,J Med Chem,2000
CHEMBL228,Sodium-dependent serotonin transporter,CHEMBL132082,CHEMBL132082,COc1ccc2c(c1)C(O)(c1ccc(Cl)cc1)N1CCN=C21,5.71,IC50,=,1960.0,nM,CHEMBL807030,F,BAO_0000219,CHEMBL1135775,J Med Chem,2002
CHEMBL228,Sodium-dependent serotonin transporter,CHEMBL417035,CHEMBL417035,Fc1ccc(CCNCC2CCCN(CCOC(c3ccccc3)c3ccccc3)C2)cc1,5.74,IC50,=,1830.0,nM,CHEMBL806214,B,BAO_0000219,CHEMBL1133662,J Med Chem,2000
CHEMBL228,Sodium-dependent serotonin transporter,CHEMBL69380,CHEMBL69380,CN(CCc1ccc(F)cc1)CC1CCCN(CCOC(c2ccccc2)c2ccccc2)C1,5.67,IC50,=,2130.0,nM,CHEMBL806214,B,BAO_0000219,CHEMBL1133662,J Med Chem,2000
CHEMBL228,Sodium-dependent serotonin transporter,CHEMBL132954,CHEMBL132954,COc1cccc2c1C(O)(c1ccc(Cl)cc1)N1CCN=C21,5.44,IC50,=,3600.0,nM,CHEMBL807030,F,BAO_0000219,CHEMBL1135775,J Med Chem,2002
CHEMBL228,Sodium-dependent serotonin transporter,CHEMBL429771,CHEMBL429771,c1ccc2c(CC3CCNCC3)c[nH]c2c1,6.26,IC50,=,550.0,nM,CHEMBL702340,F,BAO_0000218,CHEMBL1121570,J Med Chem,1980
CHEMBL228,Sodium-dependent serotonin transporter,CHEMBL336613,CHEMBL336613,Clc1ccc(C2c3ccccc3C3=NCCN32)cc1,7.82,IC50,=,15.0,nM,CHEMBL807030,F,BAO_0000219,CHEMBL1135775,J Med Chem,2002
CHEMBL228,Sodium-dependent serotonin transporter,CHEMBL150050,CHEMBL150050,COc1cccc2c1O[C@@H](CN1C3C=C(n4ccc5cc(F)ccc54)CC1CC3)CO2,6.86,IC50,=,138.0,nM,CHEMBL806216,B,BAO_0000357,CHEMBL1147408,Bioorg Med Chem Lett,2004
CHEMBL228,Sodium-dependent serotonin transporter,CHEMBL149776,CHEMBL149776,COc1cccc2c1O[C@@H](CN1C3C=C(c4ccc(Cl)c(Cl)c4)CC1CC3)CO2,6.58,IC50,=,260.0,nM,CHEMBL806216,B,BAO_0000357,CHEMBL1147408,Bioorg Med Chem Lett,2004
CHEMBL228,Sodium-dependent serotonin transporter,CHEMBL357321,CHEMBL357321,COc1cccc2c1O[C@@H](CN1C3C=C(c4ccc5ccccc5c4)CC1CC3)CO2,6.12,IC50,=,767.0,nM,CHEMBL806216,B,BAO_0000357,CHEMBL1147408,Bioorg Med Chem Lett,2004
CHEMBL228,Sodium-dependent serotonin transporter,CHEMBL356904,CHEMBL356904,COc1cccc2c1O[C@@H](CN1C3C=C(c4cccc5ccccc45)CC1CC3)CO2,6.02,IC50,=,951.0,nM,CHEMBL806216,B,BAO_0000357,CHEMBL1147408,Bioorg Med Chem Lett,2004
CHEMBL228,Sodium-dependent serotonin transporter,CHEMBL348708,CHEMBL348708,COc1cccc2c1O[C@@H](CN1C3C=C(c4cccc5cccnc45)CC1CC3)CO2,6.96,IC50,=,109.0,nM,CHEMBL806216,B,BAO_0000357,CHEMBL1147408,Bioorg Med Chem Lett,2004
CHEMBL228,Sodium-dependent serotonin transporter,CHEMBL137020,CHEMBL137020,Fc1ccc(C(OCCC2CCN(Cc3cc4ccccc4s3)CC2)c2ccc(F)cc2)cc1,5.98,IC50,=,1037.0,nM,CHEMBL808142,F,BAO_0000019,CHEMBL1136002,J Med Chem,2002
CHEMBL228,Sodium-dependent serotonin transporter,CHEMBL281594,CHEMBL281594,Fc1ccc(C(OCCN2CCN(CCCc3ccccc3)CC2)c2ccc(F)cc2)cc1,7.14,IC50,=,73.0,nM,CHEMBL809991,F,BAO_0000019,CHEMBL1136002,J Med Chem,2002
CHEMBL228,Sodium-dependent serotonin transporter,CHEMBL416409,CHEMBL416409,Fc1ccc(C(OCCC2CCN(Cc3ccc4ccccc4c3)CC2)c2ccc(F)cc2)cc1,6.56,IC50,=,277.0,nM,CHEMBL808142,F,BAO_0000019,CHEMBL1136002,J Med Chem,2002
CHEMBL228,Sodium-dependent serotonin transporter,CHEMBL322923,CHEMBL322923,COC(=O)C1=C(c2ccc(Cl)c(Cl)c2)CC2CCC1C2,5.29,IC50,=,5160.0,nM,CHEMBL801383,B,BAO_0000221,CHEMBL1133606,J Med Chem,2000
CHEMBL228,Sodium-dependent serotonin transporter,CHEMBL88915,CHEMBL88915,COC(=O)C1=C(c2ccc(Cl)c(Cl)c2)CC2CCC1N2C,6.06,IC50,=,867.0,nM,CHEMBL801384,B,BAO_0000221,CHEMBL1133606,J Med Chem,2000
CHEMBL228,Sodium-dependent serotonin transporter,CHEMBL84680,CHEMBL84680,COC(=O)C1=C(c2ccc3ccccc3c2)CC2CCC1N2C,6.96,IC50,=,109.0,nM,CHEMBL801384,B,BAO_0000221,CHEMBL1133606,J Med Chem,2000
CHEMBL228,Sodium-dependent serotonin transporter,CHEMBL87031,CHEMBL87031,COC(=O)C1C(c2ccc(Cl)c(Cl)c2)CC2CCC1N2C,8.70,IC50,=,2.0,nM,CHEMBL801383,B,BAO_0000221,CHEMBL1133606,J Med Chem,2000
CHEMBL228,Sodium-dependent serotonin transporter,CHEMBL121611,CHEMBL121611,Fc1ccc(C(OCCNCCCNCCc2ccccc2)c2ccc(F)cc2)cc1,6.60,IC50,=,249.0,nM,CHEMBL806208,F,BAO_0000219,CHEMBL1132179,J Med Chem,1999
CHEMBL228,Sodium-dependent serotonin transporter,CHEMBL103138,CHEMBL103138,COC(=O)c1ccccc1-c1ccc(F)cc1,4.48,IC50,=,33000.0,nM,CHEMBL801384,B,BAO_0000221,CHEMBL1133606,J Med Chem,2000
CHEMBL228,Sodium-dependent serotonin transporter,CHEMBL122859,CHEMBL122859,O=C1CN(CCc2ccccc2)CCN1CCOC(c1ccc(F)cc1)c1ccc(F)cc1,5.41,IC50,=,3940.0,nM,CHEMBL806208,F,BAO_0000219,CHEMBL1132179,J Med Chem,1999
CHEMBL228,Sodium-dependent serotonin transporter,CHEMBL123252,CHEMBL123252,CN(CCCc1ccccc1)CCCN(C)CCOC(c1ccccc1)c1ccccc1,5.77,IC50,=,1700.0,nM,CHEMBL806208,F,BAO_0000219,CHEMBL1132179,J Med Chem,1999
CHEMBL228,Sodium-dependent serotonin transporter,CHEMBL103152,CHEMBL103152,COC(=O)C1=C(c2ccc3ccccc3c2)CC2CCC1C2,5.88,IC50,=,1310.0,nM,CHEMBL801383,B,BAO_0000221,CHEMBL1133606,J Med Chem,2000
CHEMBL228,Sodium-dependent serotonin transporter,CHEMBL2111614,CHEMBL2111614,COC(=O)[C@H]1C2CCC(C2)C[C@@H]1c1ccc(Cl)c(Cl)c1,6.75,IC50,=,180.0,nM,CHEMBL801383,B,BAO_0000221,CHEMBL1133606,J Med Chem,2000
CHEMBL228,Sodium-dependent serotonin transporter,CHEMBL2111613,CHEMBL2111613,COC(=O)[C@H]1C2CCC(C2)C[C@@H]1c1ccc2ccccc2c1,7.19,IC50,=,64.0,nM,CHEMBL801383,B,BAO_0000221,CHEMBL1133606,J Med Chem,2000
CHEMBL228,Sodium-dependent serotonin transporter,CHEMBL420900,CHEMBL420900,O=C(Cc1ccccc1)NCCCNCCOC(c1ccc(F)cc1)c1ccc(F)cc1,5.91,IC50,=,1230.0,nM,CHEMBL806208,F,BAO_0000219,CHEMBL1132179,J Med Chem,1999
CHEMBL228,Sodium-dependent serotonin transporter,CHEMBL322605,CHEMBL322605,COC(=O)[C@@H]1C2CCC(C2)CC1c1ccc2ccccc2c1,6.97,IC50,=,106.0,nM,CHEMBL801383,B,BAO_0000221,CHEMBL1133606,J Med Chem,2000
CHEMBL228,Sodium-dependent serotonin transporter,CHEMBL2079586,CHEMBL2079586,COC(=O)[C@H]1[C@@H](c2ccc(F)cc2)C[C@H]2CC[C@H]1N2C,4.91,IC50,=,12200.0,nM,CHEMBL801383,B,BAO_0000221,CHEMBL1133606,J Med Chem,2000
CHEMBL228,Sodium-dependent serotonin transporter,CHEMBL89469,CHEMBL89469,COC(=O)C1=C(c2ccc(F)cc2)CC2CCC1N2C,5.10,IC50,=,7990.0,nM,CHEMBL801384,B,BAO_0000221,CHEMBL1133606,J Med Chem,2000
CHEMBL228,Sodium-dependent serotonin transporter,CHEMBL327963,CHEMBL327963,COC(=O)C1=C(c2ccc(F)cc2)CC2CCC1C2,4.45,IC50,=,35400.0,nM,CHEMBL801383,B,BAO_0000221,CHEMBL1133606,J Med Chem,2000
CHEMBL228,Sodium-dependent serotonin transporter,CHEMBL333667,CHEMBL333667,O=C(Cc1ccccc1)NCCNCCOC(c1ccc(F)cc1)c1ccc(F)cc1,5.89,IC50,=,1300.0,nM,CHEMBL806208,F,BAO_0000219,CHEMBL1132179,J Med Chem,1999
CHEMBL228,Sodium-dependent serotonin transporter,CHEMBL87567,CHEMBL87567,COC(=O)C1C(c2ccc3ccccc3c2)CC2CCC1N2C,8.66,IC50,=,2.19,nM,CHEMBL801383,B,BAO_0000221,CHEMBL1133606,J Med Chem,2000
CHEMBL228,Sodium-dependent serotonin transporter,CHEMBL122452,CHEMBL122452,CN(CCCN(C)CCc1ccccc1)CCOC(c1ccccc1)c1ccccc1,5.77,IC50,=,1700.0,nM,CHEMBL806208,F,BAO_0000219,CHEMBL1132179,J Med Chem,1999
CHEMBL228,Sodium-dependent serotonin transporter,CHEMBL2112594,CHEMBL2112594,O=C(CCc1ccccc1)NCCNCCOC(c1ccc(F)cc1)c1ccc(F)cc1,5.94,IC50,=,1140.0,nM,CHEMBL806208,F,BAO_0000219,CHEMBL1132179,J Med Chem,1999
CHEMBL228,Sodium-dependent serotonin transporter,CHEMBL370805,CHEMBL370805,COC(=O)[C@H]1[C@@H](OC(=O)c2ccccc2)C[C@@H]2CC[C@H]1N2C,6.47,IC50,=,336.0,nM,CHEMBL806208,F,BAO_0000219,CHEMBL1132179,J Med Chem,1999
CHEMBL228,Sodium-dependent serotonin transporter,CHEMBL318138,CHEMBL318138,COC(=O)[C@H]1C(c2ccc3ccccc3c2)CC2CCC1N2C,8.22,IC50,=,5.95,nM,CHEMBL801383,B,BAO_0000221,CHEMBL1133606,J Med Chem,2000
CHEMBL228,Sodium-dependent serotonin transporter,CHEMBL121027,CHEMBL121027,CN(CCOC(c1ccccc1)c1ccccc1)CCN(C)CCc1ccc(F)cc1,5.98,IC50,=,1050.0,nM,CHEMBL806208,F,BAO_0000219,CHEMBL1132179,J Med Chem,1999
CHEMBL228,Sodium-dependent serotonin transporter,CHEMBL123830,CHEMBL123830,O=C(Cc1ccc(F)cc1)NCCNCCOC(c1ccc(F)cc1)c1ccc(F)cc1,5.72,IC50,=,1900.0,nM,CHEMBL806208,F,BAO_0000219,CHEMBL1132179,J Med Chem,1999
CHEMBL228,Sodium-dependent serotonin transporter,CHEMBL388545,CHEMBL388545,COC(=O)[C@@H]1C2CCC(C2)C[C@@H]1c1ccc(Cl)c(Cl)c1,6.19,IC50,=,650.0,nM,CHEMBL801383,B,BAO_0000221,CHEMBL1133606,J Med Chem,2000
CHEMBL228,Sodium-dependent serotonin transporter,CHEMBL103936,CHEMBL103936,COC(=O)c1ccccc1-c1ccc2ccccc2c1,5.00,IC50,=,10000.0,nM,CHEMBL801383,B,BAO_0000221,CHEMBL1133606,J Med Chem,2000
CHEMBL228,Sodium-dependent serotonin transporter,CHEMBL2112412,CHEMBL2112412,COC(=O)[C@@H]1C2CCC(C2)C[C@@H]1c1ccc2ccccc2c1,7.22,IC50,=,60.0,nM,CHEMBL801383,B,BAO_0000221,CHEMBL1133606,J Med Chem,2000
CHEMBL228,Sodium-dependent serotonin transporter,CHEMBL101986,CHEMBL101986,COC(=O)c1ccccc1-c1ccc(Cl)cc1,4.34,IC50,=,46000.0,nM,CHEMBL801384,B,BAO_0000221,CHEMBL1133606,J Med Chem,2000
CHEMBL228,Sodium-dependent serotonin transporter,CHEMBL2112595,CHEMBL2112595,O=C(CCc1ccc(Br)cc1)N/C=C/NCCOC(c1ccc(F)cc1)c1ccc(F)cc1,5.35,IC50,=,4500.0,nM,CHEMBL806208,F,BAO_0000219,CHEMBL1132179,J Med Chem,1999
CHEMBL228,Sodium-dependent serotonin transporter,CHEMBL281594,CHEMBL281594,Fc1ccc(C(OCCN2CCN(CCCc3ccccc3)CC2)c2ccc(F)cc2)cc1,6.13,IC50,=,741.0,nM,CHEMBL806206,B,BAO_0000219,CHEMBL1131067,J Med Chem,1998
CHEMBL228,Sodium-dependent serotonin transporter,CHEMBL316342,CHEMBL316342,COC(=O)C1C2CCC(CC1c1ccc(Cl)c(Cl)c1)O2,7.51,IC50,=,31.0,nM,CHEMBL801382,B,BAO_0000221,CHEMBL1130119,J Med Chem,1997
CHEMBL228,Sodium-dependent serotonin transporter,CHEMBL14391,CHEMBL14391,COC(=O)C1C(c2ccc(I)cc2)CC2CCC1N2C,8.38,IC50,=,4.21,nM,CHEMBL801382,B,BAO_0000221,CHEMBL1130119,J Med Chem,1997
CHEMBL228,Sodium-dependent serotonin transporter,CHEMBL2079586,CHEMBL2079586,COC(=O)[C@H]1[C@@H](c2ccc(F)cc2)C[C@H]2CC[C@H]1N2C,6.80,IC50,=,160.0,nM,CHEMBL801382,B,BAO_0000221,CHEMBL1130119,J Med Chem,1997
CHEMBL228,Sodium-dependent serotonin transporter,CHEMBL87031,CHEMBL87031,COC(=O)C1C(c2ccc(Cl)c(Cl)c2)CC2CCC1N2C,7.57,IC50,=,27.0,nM,CHEMBL801382,B,BAO_0000221,CHEMBL1130119,J Med Chem,1997
CHEMBL228,Sodium-dependent serotonin transporter,CHEMBL329454,CHEMBL329454,COC(=O)C1C2CCC(CC1c1ccc(F)cc1)O2,5.59,IC50,=,2580.0,nM,CHEMBL801382,B,BAO_0000221,CHEMBL1130119,J Med Chem,1997
CHEMBL228,Sodium-dependent serotonin transporter,CHEMBL88792,CHEMBL88792,COC(=O)C1C2CCC(CC1c1ccc(Br)cc1)O2,6.56,IC50,=,276.0,nM,CHEMBL801382,B,BAO_0000221,CHEMBL1130119,J Med Chem,1997
CHEMBL228,Sodium-dependent serotonin transporter,CHEMBL313664,CHEMBL313664,COC(=O)C1C2CCC(CC1c1ccc(I)cc1)O2,7.92,IC50,=,12.0,nM,CHEMBL801382,B,BAO_0000221,CHEMBL1130119,J Med Chem,1997
CHEMBL228,Sodium-dependent serotonin transporter,CHEMBL90903,CHEMBL90903,COC(=O)C1C2CCC(CC1c1ccc(Cl)cc1)O2,6.09,IC50,=,816.0,nM,CHEMBL801382,B,BAO_0000221,CHEMBL1130119,J Med Chem,1997
CHEMBL228,Sodium-dependent serotonin transporter,CHEMBL109776,CHEMBL109776,O=C(CC1CCN(Cc2ccc(F)cc2)CC1)NC(c1ccccc1)c1ccccc1,4.31,IC50,=,49179.0,nM,CHEMBL806206,B,BAO_0000219,CHEMBL1131067,J Med Chem,1998
CHEMBL228,Sodium-dependent serotonin transporter,CHEMBL1790051,CHEMBL83729,COC(=O)[C@@H]1C2CC[C@H](C[C@@H]1c1ccccc1)N2C.Cl,7.68,IC50,=,21.0,nM,CHEMBL801382,B,BAO_0000221,CHEMBL1130119,J Med Chem,1997
CHEMBL228,Sodium-dependent serotonin transporter,CHEMBL110530,CHEMBL110530,Fc1ccc(CN2CCC(CCNC(c3ccccc3)c3ccccc3)CC2)cc1,5.23,IC50,=,5848.0,nM,CHEMBL806206,B,BAO_0000219,CHEMBL1131067,J Med Chem,1998
CHEMBL228,Sodium-dependent serotonin transporter,CHEMBL306208,CHEMBL306208,COC(=O)C1C(c2ccc(Cl)cc2)CC2CCC1N2C,8.23,IC50,=,5.9,nM,CHEMBL801382,B,BAO_0000221,CHEMBL1130119,J Med Chem,1997
CHEMBL228,Sodium-dependent serotonin transporter,CHEMBL314402,CHEMBL314402,COC(=O)C1C2CCC(CC1c1ccccc1)O2,4.94,IC50,=,11440.0,nM,CHEMBL801382,B,BAO_0000221,CHEMBL1130119,J Med Chem,1997
CHEMBL228,Sodium-dependent serotonin transporter,CHEMBL444592,CHEMBL444592,Fc1ccc(C(NCCC2CCN(Cc3ccccc3)CC2)c2ccc(F)cc2)cc1,4.97,IC50,=,10657.0,nM,CHEMBL806206,B,BAO_0000219,CHEMBL1131067,J Med Chem,1998
CHEMBL228,Sodium-dependent serotonin transporter,CHEMBL432727,CHEMBL432727,CN1C2CCC1C(C(=O)NCCCCCCNC(=O)C1C(c3ccc(Cl)cc3)CC3CCC1N3C)C(c1ccc(Cl)cc1)C2,6.65,IC50,=,225.0,nM,CHEMBL806209,B,BAO_0000219,CHEMBL1136813,Bioorg Med Chem Lett,2003
CHEMBL228,Sodium-dependent serotonin transporter,CHEMBL125140,CHEMBL125140,COC(=O)C1C2CCC(C[C@@H]1OC(c1ccccc1)c1ccc(C)cc1)N2C,4.88,IC50,=,13200.0,nM,CHEMBL801200,B,BAO_0000221,CHEMBL1129654,J Med Chem,1996
CHEMBL228,Sodium-dependent serotonin transporter,CHEMBL407803,CHEMBL407803,CN1C2CCC1C(C(=O)NCCCCNC(=O)C1C(c3ccc(Cl)cc3)CC3CCC1N3C)C(c1ccc(Cl)cc1)C2,6.75,IC50,=,176.0,nM,CHEMBL806209,B,BAO_0000219,CHEMBL1136813,Bioorg Med Chem Lett,2003
CHEMBL228,Sodium-dependent serotonin transporter,CHEMBL1201203,CHEMBL1201203,CN1[C@@H]2CC[C@H]1C[C@@H](OC(c1ccccc1)c1ccccc1)C2,4.62,IC50,=,24100.0,nM,CHEMBL801200,B,BAO_0000221,CHEMBL1129654,J Med Chem,1996
CHEMBL228,Sodium-dependent serotonin transporter,CHEMBL317757,CHEMBL317757,CN1C2CCC1CC(OC(c1ccc(F)cc1)c1ccc(F)cc1)C2,5.27,IC50,=,5340.0,nM,CHEMBL801200,B,BAO_0000221,CHEMBL1129654,J Med Chem,1996
CHEMBL228,Sodium-dependent serotonin transporter,CHEMBL307314,CHEMBL307314,CN1C2CCC1C(C(=O)NCCCCCCCCNC(=O)C1C(c3ccc(Cl)cc3)CC3CCC1N3C)C(c1ccc(Cl)cc1)C2,7.00,IC50,=,99.0,nM,CHEMBL806209,B,BAO_0000219,CHEMBL1136813,Bioorg Med Chem Lett,2003
CHEMBL228,Sodium-dependent serotonin transporter,CHEMBL339481,CHEMBL339481,CCC(O[C@H]1CC2CCC(C1C(=O)OC)N2C)c1ccccc1,4.68,IC50,=,21000.0,nM,CHEMBL801200,B,BAO_0000221,CHEMBL1129654,J Med Chem,1996
CHEMBL228,Sodium-dependent serotonin transporter,CHEMBL340521,CHEMBL340521,COC(=O)C1C2CCC(C[C@@H]1OC(c1ccccc1)c1ccc(Br)cc1)N2C,5.24,IC50,=,5770.0,nM,CHEMBL801200,B,BAO_0000221,CHEMBL1129654,J Med Chem,1996
CHEMBL228,Sodium-dependent serotonin transporter,CHEMBL125871,CHEMBL125871,COC(=O)C1C2CCC(C[C@@H]1OC(c1ccc(F)cc1)c1ccc(F)cc1)N2CCCc1ccc(I)cc1,5.66,IC50,=,2200.0,nM,CHEMBL801200,B,BAO_0000221,CHEMBL1129654,J Med Chem,1996
CHEMBL228,Sodium-dependent serotonin transporter,CHEMBL332506,CHEMBL332506,COC(=O)C1C2CCC(C[C@@H]1OC1c3ccccc3-c3ccccc31)N2C,5.46,IC50,=,3440.0,nM,CHEMBL801200,B,BAO_0000221,CHEMBL1129654,J Med Chem,1996
CHEMBL228,Sodium-dependent serotonin transporter,CHEMBL303266,CHEMBL303266,CN1C2CCC1C(C(=O)NCCCNC(=O)C1C(c3ccc(Cl)cc3)CC3CCC1N3C)C(c1ccc(Cl)cc1)C2,6.36,IC50,=,441.0,nM,CHEMBL806209,B,BAO_0000219,CHEMBL1136813,Bioorg Med Chem Lett,2003
CHEMBL228,Sodium-dependent serotonin transporter,CHEMBL125954,CHEMBL125954,COC(=O)C1C2CCC(C[C@@H]1OC(c1ccc(F)cc1)c1ccc(F)cc1)N2CCCc1ccccc1,7.71,IC50,=,19.7,nM,CHEMBL801200,B,BAO_0000221,CHEMBL1129654,J Med Chem,1996
CHEMBL228,Sodium-dependent serotonin transporter,CHEMBL124278,CHEMBL124278,COC(=O)C1C2CCC(C[C@@H]1OC(c1ccc(Br)cc1)c1ccc(Br)cc1)N2C,5.61,IC50,=,2430.0,nM,CHEMBL801200,B,BAO_0000221,CHEMBL1129654,J Med Chem,1996
CHEMBL228,Sodium-dependent serotonin transporter,CHEMBL338313,CHEMBL338313,COC(=O)C1C2CCC(C[C@@H]1OC(c1ccccc1)c1ccc(Cl)cc1)N2C,5.22,IC50,=,5960.0,nM,CHEMBL801200,B,BAO_0000221,CHEMBL1129654,J Med Chem,1996
CHEMBL228,Sodium-dependent serotonin transporter,CHEMBL339401,CHEMBL339401,COC(=O)C1C2CCC(C[C@@H]1OC(c1ccc(Br)cc1)c1ccc(I)cc1)N2C,5.36,IC50,=,4390.0,nM,CHEMBL801200,B,BAO_0000221,CHEMBL1129654,J Med Chem,1996
CHEMBL228,Sodium-dependent serotonin transporter,CHEMBL2373379,CHEMBL2373379,COC(=O)C1C2CC[C@@H](C[C@@H]1OC(c1ccc(F)cc1)c1ccc(F)cc1)N2C,5.45,IC50,=,3530.0,nM,CHEMBL801200,B,BAO_0000221,CHEMBL1129654,J Med Chem,1996
CHEMBL228,Sodium-dependent serotonin transporter,CHEMBL125017,CHEMBL125017,COC(=O)C1C2CCC(C[C@@H]1OC(c1ccccc1)c1ccccc1)N2C,5.00,IC50,=,10100.0,nM,CHEMBL801200,B,BAO_0000221,CHEMBL1129654,J Med Chem,1996
CHEMBL228,Sodium-dependent serotonin transporter,CHEMBL124670,CHEMBL124670,COC(=O)C1C2CCC(C[C@@H]1OC(c1ccc(F)cc1)c1ccc(F)cc1)N2CCCc1ccc(Br)cc1,6.63,IC50,=,234.0,nM,CHEMBL801200,B,BAO_0000221,CHEMBL1129654,J Med Chem,1996
CHEMBL228,Sodium-dependent serotonin transporter,CHEMBL370805,CHEMBL370805,COC(=O)[C@H]1[C@@H](OC(=O)c2ccccc2)C[C@@H]2CC[C@H]1N2C,6.50,IC50,=,318.0,nM,CHEMBL806209,B,BAO_0000219,CHEMBL1136813,Bioorg Med Chem Lett,2003
CHEMBL228,Sodium-dependent serotonin transporter,CHEMBL306208,CHEMBL306208,COC(=O)C1C(c2ccc(Cl)cc2)CC2CCC1N2C,7.72,IC50,=,19.0,nM,CHEMBL806209,B,BAO_0000219,CHEMBL1136813,Bioorg Med Chem Lett,2003
CHEMBL228,Sodium-dependent serotonin transporter,CHEMBL339352,CHEMBL339352,COC(=O)C1C2CCC(C[C@@H]1OC(c1ccc(F)cc1)c1ccc(F)cc1)N2CCCCCc1ccccc1,6.26,IC50,=,550.0,nM,CHEMBL801200,B,BAO_0000221,CHEMBL1129654,J Med Chem,1996
CHEMBL228,Sodium-dependent serotonin transporter,CHEMBL121857,CHEMBL121857,COC(=O)C1C2CCC(C[C@@H]1OC(c1ccccc1)c1ccc(I)cc1)N2C,5.03,IC50,=,9280.0,nM,CHEMBL801200,B,BAO_0000221,CHEMBL1129654,J Med Chem,1996
CHEMBL228,Sodium-dependent serotonin transporter,CHEMBL435990,CHEMBL435990,COC(=O)C1C2CCC(C[C@@H]1OC(c1ccc(C)cc1)c1ccc(C)cc1)N2C,5.01,IC50,=,9800.0,nM,CHEMBL801200,B,BAO_0000221,CHEMBL1129654,J Med Chem,1996
CHEMBL228,Sodium-dependent serotonin transporter,CHEMBL420333,CHEMBL420333,COC(=O)C1C2CCC(C[C@@H]1OC(c1ccc(I)cc1)c1ccc(I)cc1)N2C,5.07,IC50,=,8550.0,nM,CHEMBL801200,B,BAO_0000221,CHEMBL1129654,J Med Chem,1996
CHEMBL228,Sodium-dependent serotonin transporter,CHEMBL338566,CHEMBL338566,COC(=O)C1C2CCC(C[C@@H]1OC(c1ccccc1)c1ccc(F)cc1)N2C,5.31,IC50,=,4930.0,nM,CHEMBL801200,B,BAO_0000221,CHEMBL1129654,J Med Chem,1996
CHEMBL228,Sodium-dependent serotonin transporter,CHEMBL124854,CHEMBL124854,COC(=O)C1C2CCC(C[C@@H]1OC(c1ccc(F)cc1)c1ccc(F)cc1)N2Cc1ccccc1,5.30,IC50,=,4970.0,nM,CHEMBL801200,B,BAO_0000221,CHEMBL1129654,J Med Chem,1996
CHEMBL228,Sodium-dependent serotonin transporter,CHEMBL333331,CHEMBL333331,COC(=O)C1C2CCC(C[C@@H]1OC(c1ccc(Cl)cc1)c1ccc(Cl)cc1)N2C,5.47,IC50,=,3360.0,nM,CHEMBL801200,B,BAO_0000221,CHEMBL1129654,J Med Chem,1996
CHEMBL228,Sodium-dependent serotonin transporter,CHEMBL14391,CHEMBL14391,COC(=O)C1C(c2ccc(I)cc2)CC2CCC1N2C,8.60,IC50,=,2.53,nM,CHEMBL847531,B,BAO_0000221,CHEMBL1126629,J Med Chem,1993
CHEMBL228,Sodium-dependent serotonin transporter,CHEMBL81525,CHEMBL81525,COC(=O)C1C2CCC(CC1c1ccc(Cl)cc1)N2,8.79,IC50,=,1.63,nM,CHEMBL847531,B,BAO_0000221,CHEMBL1126629,J Med Chem,1993
CHEMBL228,Sodium-dependent serotonin transporter,CHEMBL370805,CHEMBL370805,COC(=O)[C@H]1[C@@H](OC(=O)c2ccccc2)C[C@@H]2CC[C@H]1N2C,6.57,IC50,=,270.0,nM,CHEMBL847531,B,BAO_0000221,CHEMBL1126629,J Med Chem,1993
CHEMBL228,Sodium-dependent serotonin transporter,CHEMBL87031,CHEMBL87031,COC(=O)C1C(c2ccc(Cl)c(Cl)c2)CC2CCC1N2C,8.61,IC50,=,2.47,nM,CHEMBL847531,B,BAO_0000221,CHEMBL1126629,J Med Chem,1993
CHEMBL228,Sodium-dependent serotonin transporter,CHEMBL171106,CHEMBL171106,COC(=O)C1C(c2cccc(Br)c2)CC2CCC1N2C,7.69,IC50,=,20.4,nM,CHEMBL847531,B,BAO_0000221,CHEMBL1126629,J Med Chem,1993
CHEMBL228,Sodium-dependent serotonin transporter,CHEMBL67387,CHEMBL67387,COC(=O)C1C(c2cccc(I)c2)CC2CCC1N2C,8.01,IC50,=,9.88,nM,CHEMBL847531,B,BAO_0000221,CHEMBL1126629,J Med Chem,1993
CHEMBL228,Sodium-dependent serotonin transporter,CHEMBL2079586,CHEMBL2079586,COC(=O)[C@H]1[C@@H](c2ccc(F)cc2)C[C@H]2CC[C@H]1N2C,6.80,IC50,=,160.0,nM,CHEMBL847531,B,BAO_0000221,CHEMBL1126629,J Med Chem,1993
CHEMBL228,Sodium-dependent serotonin transporter,CHEMBL306208,CHEMBL306208,COC(=O)C1C(c2ccc(Cl)cc2)CC2CCC1N2C,8.23,IC50,=,5.87,nM,CHEMBL847531,B,BAO_0000221,CHEMBL1126629,J Med Chem,1993
CHEMBL228,Sodium-dependent serotonin transporter,CHEMBL169471,CHEMBL169471,COC(=O)C1C2CCC(CC1c1ccc(Cl)c(Cl)c1)N2,8.85,IC50,=,1.4,nM,CHEMBL801198,B,BAO_0000221,CHEMBL1126629,J Med Chem,1993
CHEMBL228,Sodium-dependent serotonin transporter,CHEMBL50858,CHEMBL50858,COC(=O)C1C2CC[C@H](C[C@@H]1c1ccc(Cl)c(C)c1)N2C,9.00,IC50,=,1.0,nM,CHEMBL806213,B,BAO_0000357,CHEMBL1136786,J Med Chem,2003
CHEMBL228,Sodium-dependent serotonin transporter,CHEMBL894,CHEMBL894,CC(NC(C)(C)C)C(=O)c1cccc(Cl)c1,4.33,IC50,=,47000.0,nM,CHEMBL806215,B,BAO_0000357,CHEMBL1136786,J Med Chem,2003
CHEMBL228,Sodium-dependent serotonin transporter,CHEMBL103504,CHEMBL103504,CCC[C@@]1(O)CN2C3CC[C@@H]2C[C@H](c2ccc(C)cc2)C31,7.39,IC50,=,41.0,nM,CHEMBL817286,B,BAO_0000219,CHEMBL1133495,Bioorg Med Chem Lett,2000
CHEMBL228,Sodium-dependent serotonin transporter,CHEMBL101250,CHEMBL101250,Cc1ccc([C@H]2C[C@H]3CCC4C2[C@](C)(O)CN43)cc1,6.83,IC50,=,147.0,nM,CHEMBL817286,B,BAO_0000219,CHEMBL1133495,Bioorg Med Chem Lett,2000
CHEMBL228,Sodium-dependent serotonin transporter,CHEMBL430840,CHEMBL430840,O=C1CN2C3CC[C@@H]2C[C@H](c2ccc(F)cc2)C13,6.60,IC50,=,251.0,nM,CHEMBL817286,B,BAO_0000219,CHEMBL1133495,Bioorg Med Chem Lett,2000
CHEMBL228,Sodium-dependent serotonin transporter,CHEMBL101905,CHEMBL101905,C=C1CN2C3CC[C@@H]2C[C@H](c2ccc(C)cc2)C13,7.48,IC50,=,33.0,nM,CHEMBL817286,B,BAO_0000219,CHEMBL1133495,Bioorg Med Chem Lett,2000
CHEMBL228,Sodium-dependent serotonin transporter,CHEMBL321067,CHEMBL321067,Cc1ccc([C@H]2C[C@H]3CCC4C2[C@@](O)(c2ccccc2)CN43)cc1,8.10,IC50,=,7.9,nM,CHEMBL817286,B,BAO_0000219,CHEMBL1133495,Bioorg Med Chem Lett,2000
CHEMBL228,Sodium-dependent serotonin transporter,CHEMBL370805,CHEMBL370805,COC(=O)[C@H]1[C@@H](OC(=O)c2ccccc2)C[C@@H]2CC[C@H]1N2C,6.38,IC50,=,413.0,nM,CHEMBL817286,B,BAO_0000219,CHEMBL1133495,Bioorg Med Chem Lett,2000
CHEMBL228,Sodium-dependent serotonin transporter,CHEMBL419728,CHEMBL419728,Cc1ccc([C@H]2C[C@H]3CCC4C2[C@@](O)(c2ccc(Cl)cc2)CN43)cc1,7.89,IC50,=,13.0,nM,CHEMBL817286,B,BAO_0000219,CHEMBL1133495,Bioorg Med Chem Lett,2000
CHEMBL228,Sodium-dependent serotonin transporter,CHEMBL102018,CHEMBL102018,Cc1ccc([C@H]2C[C@H]3CCC4C2C(=O)CN43)cc1,7.17,IC50,=,68.0,nM,CHEMBL817286,B,BAO_0000219,CHEMBL1133495,Bioorg Med Chem Lett,2000
CHEMBL228,Sodium-dependent serotonin transporter,CHEMBL84680,CHEMBL84680,COC(=O)C1=C(c2ccc3ccccc3c2)CC2CCC1N2C,6.96,IC50,=,109.0,nM,CHEMBL882391,B,BAO_0000221,CHEMBL1134553,J Med Chem,2001
CHEMBL228,Sodium-dependent serotonin transporter,CHEMBL330228,CHEMBL330228,COC(=O)C1C(c2ccc(Cl)c(Cl)c2)CC2C[C@@H](O)C1N2C,5.86,IC50,=,1390.0,nM,CHEMBL882391,B,BAO_0000221,CHEMBL1134553,J Med Chem,2001
CHEMBL228,Sodium-dependent serotonin transporter,CHEMBL89476,CHEMBL89476,COC(=O)C1C(c2ccc(Cl)c(Cl)c2)CC2C[C@H](O)C1N2C,6.00,IC50,=,991.0,nM,CHEMBL882391,B,BAO_0000221,CHEMBL1134553,J Med Chem,2001
CHEMBL228,Sodium-dependent serotonin transporter,CHEMBL87031,CHEMBL87031,COC(=O)C1C(c2ccc(Cl)c(Cl)c2)CC2CCC1N2C,8.61,IC50,=,2.47,nM,CHEMBL882391,B,BAO_0000221,CHEMBL1134553,J Med Chem,2001
CHEMBL228,Sodium-dependent serotonin transporter,CHEMBL87567,CHEMBL87567,COC(=O)C1C(c2ccc3ccccc3c2)CC2CCC1N2C,8.22,IC50,=,5.95,nM,CHEMBL882391,B,BAO_0000221,CHEMBL1134553,J Med Chem,2001
CHEMBL228,Sodium-dependent serotonin transporter,CHEMBL89662,CHEMBL89662,COC(=O)C1=C(c2ccccc2)CC2CCC1N2C,4.54,IC50,=,28600.0,nM,CHEMBL882391,B,BAO_0000221,CHEMBL1134553,J Med Chem,2001
CHEMBL228,Sodium-dependent serotonin transporter,CHEMBL606929,CHEMBL606929,COC(=O)[C@@H]1C(c2ccc(Cl)c(Cl)c2)C[C@H]2C[C@@H](O)C1N2C,5.91,IC50,=,1220.0,nM,CHEMBL882391,B,BAO_0000221,CHEMBL1134553,J Med Chem,2001
CHEMBL228,Sodium-dependent serotonin transporter,CHEMBL89208,CHEMBL89208,COC(=O)C1C(c2ccccc2)CC2[C@@H](O)CC1N2C,4.06,IC50,=,88000.0,nM,CHEMBL882391,B,BAO_0000221,CHEMBL1134553,J Med Chem,2001
CHEMBL228,Sodium-dependent serotonin transporter,CHEMBL606930,CHEMBL606930,COC(=O)C1=C(c2ccc(Cl)c(Cl)c2)C[C@H]2C[C@@H](O)C1N2C,5.27,IC50,=,5370.0,nM,CHEMBL882391,B,BAO_0000221,CHEMBL1134553,J Med Chem,2001
CHEMBL228,Sodium-dependent serotonin transporter,CHEMBL311347,CHEMBL311347,COC(=O)[C@@H]1C2CC[C@H](C[C@@H]1c1ccc(I)cc1)N2C,9.17,Ki,=,0.67,nM,CHEMBL804591,B,BAO_0000219,CHEMBL1136726,J Med Chem,2003
CHEMBL228,Sodium-dependent serotonin transporter,CHEMBL174088,CHEMBL174088,COC(=O)[C@@H]1C2CCC(C[C@@H]1c1ccc(/C=C\I)cc1)N2,10.30,Ki,=,0.05,nM,CHEMBL804591,B,BAO_0000219,CHEMBL1136726,J Med Chem,2003
CHEMBL228,Sodium-dependent serotonin transporter,CHEMBL106939,CHEMBL106939,CN(C)Cc1ccccc1Sc1ccc(C#N)cc1N,8.96,Ki,=,1.1,nM,CHEMBL804589,B,BAO_0000357,CHEMBL1133614,J Med Chem,2000
CHEMBL228,Sodium-dependent serotonin transporter,CHEMBL295467,CHEMBL295467,CNCCC(Oc1ccccc1OC)c1ccccc1,8.85,Ki,=,1.4,nM,CHEMBL805619,B,BAO_0000219,CHEMBL1136726,J Med Chem,2003
CHEMBL228,Sodium-dependent serotonin transporter,CHEMBL14370,CHEMBL14370,CCOc1ccccc1OC(c1ccccc1)C1CNCCO1,8.05,Ki,=,9.0,nM,CHEMBL805619,B,BAO_0000219,CHEMBL1136726,J Med Chem,2003
CHEMBL228,Sodium-dependent serotonin transporter,CHEMBL104673,CHEMBL104673,CN(C)Cc1ccccc1Sc1ccc(C(F)(F)F)cc1N,9.48,Ki,=,0.33,nM,CHEMBL804589,B,BAO_0000357,CHEMBL1133614,J Med Chem,2000
CHEMBL228,Sodium-dependent serotonin transporter,CHEMBL107077,CHEMBL107077,COc1ccc(Sc2ccccc2CN(C)C)c(N)c1,8.72,Ki,=,1.89,nM,CHEMBL804589,B,BAO_0000357,CHEMBL1133614,J Med Chem,2000
CHEMBL228,Sodium-dependent serotonin transporter,CHEMBL432394,CHEMBL432394,CN(C)Cc1ccccc1Sc1ccc(Cl)cc1N,9.57,Ki,=,0.27,nM,CHEMBL804589,B,BAO_0000357,CHEMBL1133614,J Med Chem,2000
CHEMBL228,Sodium-dependent serotonin transporter,CHEMBL173427,CHEMBL173427,COC(=O)[C@@H]1C2CCC(C[C@@H]1c1ccc(/C=C/I)cc1)N2,8.94,Ki,=,1.15,nM,CHEMBL805619,B,BAO_0000219,CHEMBL1136726,J Med Chem,2003
CHEMBL228,Sodium-dependent serotonin transporter,CHEMBL41,CHEMBL41,CNCCC(Oc1ccc(C(F)(F)F)cc1)c1ccccc1,8.50,Ki,=,3.17,nM,CHEMBL812553,B,BAO_0000357,CHEMBL1128895,Bioorg Med Chem Lett,1995
CHEMBL228,Sodium-dependent serotonin transporter,CHEMBL490,CHEMBL490,Fc1ccc([C@@H]2CCNC[C@H]2COc2ccc3c(c2)OCO3)cc1,10.11,Ki,=,0.077,nM,CHEMBL812553,B,BAO_0000357,CHEMBL1128895,Bioorg Med Chem Lett,1995
CHEMBL228,Sodium-dependent serotonin transporter,CHEMBL268258,CHEMBL268258,COc1cccc2c1CCC[C@H]2CN(C)CCc1ccc2ccoc2c1,8.42,Ki,=,3.77,nM,CHEMBL812553,B,BAO_0000357,CHEMBL1128895,Bioorg Med Chem Lett,1995
CHEMBL228,Sodium-dependent serotonin transporter,CHEMBL75342,CHEMBL75342,COc1cccc2c1CCC[C@@H]2CN(C)CCc1ccc2ccoc2c1,7.04,Ki,=,92.0,nM,CHEMBL812553,B,BAO_0000357,CHEMBL1128895,Bioorg Med Chem Lett,1995
CHEMBL228,Sodium-dependent serotonin transporter,CHEMBL342055,CHEMBL342055,c1ccc(CC(c2ccccc2)c2ccncc2)cc1,6.04,Ki,=,910.0,nM,CHEMBL808865,B,BAO_0000357,CHEMBL1136563,Bioorg Med Chem Lett,2003
CHEMBL228,Sodium-dependent serotonin transporter,CHEMBL347772,CHEMBL347772,c1ccc(C(c2ccccc2)c2ccccn2)cc1,4.46,Ki,=,35000.0,nM,CHEMBL808865,B,BAO_0000357,CHEMBL1136563,Bioorg Med Chem Lett,2003
CHEMBL228,Sodium-dependent serotonin transporter,CHEMBL150045,CHEMBL150045,c1ccc(C(c2ccccc2)c2ccncc2)cc1,5.94,Ki,=,1160.0,nM,CHEMBL808865,B,BAO_0000357,CHEMBL1136563,Bioorg Med Chem Lett,2003
CHEMBL228,Sodium-dependent serotonin transporter,CHEMBL149246,CHEMBL149246,c1ccc(C(c2ccccc2)c2cccnc2)cc1,4.90,Ki,=,12600.0,nM,CHEMBL808865,B,BAO_0000357,CHEMBL1136563,Bioorg Med Chem Lett,2003
CHEMBL228,Sodium-dependent serotonin transporter,CHEMBL370805,CHEMBL370805,COC(=O)[C@H]1[C@@H](OC(=O)c2ccccc2)C[C@@H]2CC[C@H]1N2C,6.81,Ki,=,155.0,nM,CHEMBL808865,B,BAO_0000357,CHEMBL1136563,Bioorg Med Chem Lett,2003
CHEMBL228,Sodium-dependent serotonin transporter,CHEMBL132683,CHEMBL132683,COC(=O)C1C(c2ccc(O)c(O)c2)CC2CCC1N2C,5.00,Ki,=,10000.0,nM,CHEMBL805347,B,BAO_0000219,CHEMBL1136450,Bioorg Med Chem Lett,2003
CHEMBL228,Sodium-dependent serotonin transporter,CHEMBL544370,CHEMBL1193030,Cl.OC1(c2ccc3c(c2)OCO3)c2ccccc2C2=NCCCN21,7.59,Ki,=,25.6,nM,CHEMBL805346,B,BAO_0000219,CHEMBL1135775,J Med Chem,2002
CHEMBL228,Sodium-dependent serotonin transporter,CHEMBL417049,CHEMBL417049,CN(CCOC(c1ccccc1)c1ccccc1)C1CCN(CCCc2ccccc2)CC1,5.85,Ki,=,1400.0,nM,CHEMBL872702,B,BAO_0000357,CHEMBL1133662,J Med Chem,2000
CHEMBL228,Sodium-dependent serotonin transporter,CHEMBL26320,CHEMBL26320,c1ccc(CCCN2CCN(CCOC(c3ccccc3)c3ccccc3)CC2)cc1,5.68,Ki,=,2090.0,nM,CHEMBL872702,B,BAO_0000357,CHEMBL1133662,J Med Chem,2000
CHEMBL228,Sodium-dependent serotonin transporter,CHEMBL370805,CHEMBL370805,COC(=O)[C@H]1[C@@H](OC(=O)c2ccccc2)C[C@@H]2CC[C@H]1N2C,6.48,Ki,=,328.0,nM,CHEMBL805346,B,BAO_0000219,CHEMBL1135775,J Med Chem,2002
CHEMBL228,Sodium-dependent serotonin transporter,CHEMBL336100,CHEMBL336100,OC1(c2ccc(Cl)cc2)c2cccc(F)c2C2=NCCN21,7.42,Ki,=,38.1,nM,CHEMBL805346,B,BAO_0000219,CHEMBL1135775,J Med Chem,2002
CHEMBL228,Sodium-dependent serotonin transporter,CHEMBL781,CHEMBL781,OC1(c2ccc(Cl)cc2)c2ccccc2C2=NCCN21,7.30,Ki,=,50.0,nM,CHEMBL805346,B,BAO_0000219,CHEMBL1135775,J Med Chem,2002
CHEMBL228,Sodium-dependent serotonin transporter,CHEMBL133070,CHEMBL133070,COC(=O)C1C(c2ccc(C(C)=O)c(C(C)=O)c2)CC2CCC1N2C,6.15,Ki,=,704.0,nM,CHEMBL805347,B,BAO_0000219,CHEMBL1136450,Bioorg Med Chem Lett,2003
CHEMBL228,Sodium-dependent serotonin transporter,CHEMBL67024,CHEMBL67024,Fc1ccc(CCNC2CCN(CCOC(c3ccccc3)c3ccccc3)CC2)cc1,6.66,Ki,=,220.0,nM,CHEMBL872702,B,BAO_0000357,CHEMBL1133662,J Med Chem,2000
CHEMBL228,Sodium-dependent serotonin transporter,CHEMBL130668,CHEMBL130668,Oc1ccc(C2(O)c3ccccc3C3=NCCCN32)cc1,7.11,Ki,=,77.0,nM,CHEMBL805346,B,BAO_0000219,CHEMBL1135775,J Med Chem,2002
CHEMBL228,Sodium-dependent serotonin transporter,CHEMBL443797,CHEMBL443797,CN(CCCc1ccccc1)C1CCN(CCOC(c2ccccc2)c2ccccc2)CC1,7.06,Ki,=,87.0,nM,CHEMBL872702,B,BAO_0000357,CHEMBL1133662,J Med Chem,2000
CHEMBL228,Sodium-dependent serotonin transporter,CHEMBL370805,CHEMBL370805,COC(=O)[C@H]1[C@@H](OC(=O)c2ccccc2)C[C@@H]2CC[C@H]1N2C,6.41,Ki,=,390.0,nM,CHEMBL872702,B,BAO_0000357,CHEMBL1133662,J Med Chem,2000
CHEMBL228,Sodium-dependent serotonin transporter,CHEMBL421867,CHEMBL421867,c1ccc(CCCNC2CCN(CCOC(c3ccccc3)c3ccccc3)CC2)cc1,7.26,Ki,=,55.0,nM,CHEMBL872702,B,BAO_0000357,CHEMBL1133662,J Med Chem,2000
CHEMBL228,Sodium-dependent serotonin transporter,CHEMBL336940,CHEMBL336940,COc1cccc2c1C1=NCCN1C2(O)c1ccc(Cl)cc1,6.06,Ki,=,870.0,nM,CHEMBL805346,B,BAO_0000219,CHEMBL1135775,J Med Chem,2002
CHEMBL228,Sodium-dependent serotonin transporter,CHEMBL66112,CHEMBL66112,Fc1ccc(CCN2CCCC(CNCCOC(c3ccccc3)c3ccccc3)C2)cc1,6.46,Ki,=,350.0,nM,CHEMBL872702,B,BAO_0000357,CHEMBL1133662,J Med Chem,2000
CHEMBL228,Sodium-dependent serotonin transporter,CHEMBL133043,CHEMBL133043,COc1ccc(C2(O)c3ccccc3C3=NCCCN32)cc1,7.25,Ki,=,55.9,nM,CHEMBL805346,B,BAO_0000219,CHEMBL1135775,J Med Chem,2002
CHEMBL228,Sodium-dependent serotonin transporter,CHEMBL133902,CHEMBL133902,OC1(c2ccccc2)c2ccccc2C2=NCCN21,5.75,Ki,=,1760.0,nM,CHEMBL805346,B,BAO_0000219,CHEMBL1135775,J Med Chem,2002
CHEMBL228,Sodium-dependent serotonin transporter,CHEMBL63703,CHEMBL63703,c1ccc(CN2CCC(NCCOC(c3ccccc3)c3ccccc3)CC2)cc1,5.67,Ki,=,2160.0,nM,CHEMBL872702,B,BAO_0000357,CHEMBL1133662,J Med Chem,2000
CHEMBL228,Sodium-dependent serotonin transporter,CHEMBL516,CHEMBL516,CN1CCC(=C2c3ccccc3C=Cc3ccccc32)CC1,5.39,Ki,=,4100.0,nM,CHEMBL808863,B,BAO_0000357,CHEMBL1148436,Bioorg Med Chem Lett,2004
CHEMBL228,Sodium-dependent serotonin transporter,CHEMBL11,CHEMBL11,CN(C)CCCN1c2ccccc2CCc2ccccc21,8.30,Ki,=,5.0,nM,CHEMBL808863,B,BAO_0000357,CHEMBL1148436,Bioorg Med Chem Lett,2004
CHEMBL228,Sodium-dependent serotonin transporter,CHEMBL67203,CHEMBL67203,c1ccc(CCCN2CCCC(CNCCOC(c3ccccc3)c3ccccc3)C2)cc1,6.68,Ki,=,210.0,nM,CHEMBL872702,B,BAO_0000357,CHEMBL1133662,J Med Chem,2000
CHEMBL228,Sodium-dependent serotonin transporter,CHEMBL307956,CHEMBL307956,c1ccc2c(c1)Cc1ccccc1C21CCNC1,5.41,Ki,=,3900.0,nM,CHEMBL808863,B,BAO_0000357,CHEMBL1148436,Bioorg Med Chem Lett,2004
CHEMBL228,Sodium-dependent serotonin transporter,CHEMBL130477,CHEMBL130477,OC1(c2ccc(Cl)cc2)c2ccccc2C2=NCCCN21,7.41,Ki,=,39.0,nM,CHEMBL805346,B,BAO_0000219,CHEMBL1135775,J Med Chem,2002
CHEMBL228,Sodium-dependent serotonin transporter,CHEMBL132955,CHEMBL132955,OC1(c2ccc(Cl)cc2)c2cc(Cl)c(Cl)cc2C2=NCCN21,5.87,Ki,=,1347.0,nM,CHEMBL805346,B,BAO_0000219,CHEMBL1135775,J Med Chem,2002
CHEMBL228,Sodium-dependent serotonin transporter,CHEMBL370805,CHEMBL370805,COC(=O)[C@H]1[C@@H](OC(=O)c2ccccc2)C[C@@H]2CC[C@H]1N2C,6.53,Ki,=,297.0,nM,CHEMBL805347,B,BAO_0000219,CHEMBL1136450,Bioorg Med Chem Lett,2003
CHEMBL228,Sodium-dependent serotonin transporter,CHEMBL335423,CHEMBL335423,COC(=O)C1C(c2ccc(OC)c(OC)c2)CC2CCC1N2C,7.34,Ki,=,46.0,nM,CHEMBL805347,B,BAO_0000219,CHEMBL1136450,Bioorg Med Chem Lett,2003
CHEMBL228,Sodium-dependent serotonin transporter,CHEMBL67078,CHEMBL67078,c1ccc(CCCNCC2CCCN(CCOC(c3ccccc3)c3ccccc3)C2)cc1,6.50,Ki,=,320.0,nM,CHEMBL872702,B,BAO_0000357,CHEMBL1133662,J Med Chem,2000
CHEMBL228,Sodium-dependent serotonin transporter,CHEMBL132082,CHEMBL132082,COc1ccc2c(c1)C(O)(c1ccc(Cl)cc1)N1CCN=C21,5.99,Ki,=,1030.0,nM,CHEMBL805346,B,BAO_0000219,CHEMBL1135775,J Med Chem,2002
CHEMBL228,Sodium-dependent serotonin transporter,CHEMBL417035,CHEMBL417035,Fc1ccc(CCNCC2CCCN(CCOC(c3ccccc3)c3ccccc3)C2)cc1,6.05,Ki,=,890.0,nM,CHEMBL872702,B,BAO_0000357,CHEMBL1133662,J Med Chem,2000
CHEMBL228,Sodium-dependent serotonin transporter,CHEMBL69380,CHEMBL69380,CN(CCc1ccc(F)cc1)CC1CCCN(CCOC(c2ccccc2)c2ccccc2)C1,6.28,Ki,=,530.0,nM,CHEMBL872702,B,BAO_0000357,CHEMBL1133662,J Med Chem,2000
CHEMBL228,Sodium-dependent serotonin transporter,CHEMBL132954,CHEMBL132954,COc1cccc2c1C(O)(c1ccc(Cl)cc1)N1CCN=C21,5.70,Ki,=,1990.0,nM,CHEMBL805346,B,BAO_0000219,CHEMBL1135775,J Med Chem,2002
CHEMBL228,Sodium-dependent serotonin transporter,CHEMBL336613,CHEMBL336613,Clc1ccc(C2c3ccccc3C3=NCCN32)cc1,7.58,Ki,=,26.0,nM,CHEMBL805346,B,BAO_0000219,CHEMBL1135775,J Med Chem,2002
CHEMBL228,Sodium-dependent serotonin transporter,CHEMBL781,CHEMBL781,OC1(c2ccc(Cl)cc2)c2ccccc2C2=NCCN21,7.30,Ki,=,50.0,nM,CHEMBL805241,B,BAO_0000219,CHEMBL1135776,J Med Chem,2002
CHEMBL228,Sodium-dependent serotonin transporter,CHEMBL334577,CHEMBL334577,OC1(c2ccc(Cl)cc2)c2ccc3ccccc3c2C2=NCCCN21,8.26,Ki,=,5.5,nM,CHEMBL805241,B,BAO_0000219,CHEMBL1135776,J Med Chem,2002
CHEMBL228,Sodium-dependent serotonin transporter,CHEMBL7318,CHEMBL7318,COc1ccc2[nH]c(-c3ccccc3)c(CCN(C)C)c2c1,5.33,Ki,=,4700.0,nM,CHEMBL805518,B,BAO_0000357,CHEMBL1133711,J Med Chem,2000
CHEMBL228,Sodium-dependent serotonin transporter,CHEMBL150050,CHEMBL150050,COc1cccc2c1O[C@@H](CN1C3C=C(n4ccc5cc(F)ccc54)CC1CC3)CO2,8.07,Ki,=,8.5,nM,CHEMBL805242,B,BAO_0000357,CHEMBL1147408,Bioorg Med Chem Lett,2004
CHEMBL228,Sodium-dependent serotonin transporter,CHEMBL340281,CHEMBL340281,OC1(c2ccc3ccccc3c2)c2ccc3ccccc3c2C2=NCCN21,7.96,Ki,=,11.0,nM,CHEMBL805241,B,BAO_0000219,CHEMBL1135776,J Med Chem,2002
CHEMBL228,Sodium-dependent serotonin transporter,CHEMBL133646,CHEMBL133646,OC1(c2ccc(Cl)cc2)c2ccc3ccccc3c2C2=NCCN21,6.65,Ki,=,224.0,nM,CHEMBL805241,B,BAO_0000219,CHEMBL1135776,J Med Chem,2002
CHEMBL228,Sodium-dependent serotonin transporter,CHEMBL149776,CHEMBL149776,COc1cccc2c1O[C@@H](CN1C3C=C(c4ccc(Cl)c(Cl)c4)CC1CC3)CO2,8.33,Ki,=,4.69,nM,CHEMBL805242,B,BAO_0000357,CHEMBL1147408,Bioorg Med Chem Lett,2004
CHEMBL228,Sodium-dependent serotonin transporter,CHEMBL41,CHEMBL41,CNCCC(Oc1ccc(C(F)(F)F)cc1)c1ccccc1,8.46,Ki,=,3.5,nM,CHEMBL805518,B,BAO_0000357,CHEMBL1133711,J Med Chem,2000
CHEMBL228,Sodium-dependent serotonin transporter,CHEMBL357321,CHEMBL357321,COc1cccc2c1O[C@@H](CN1C3C=C(c4ccc5ccccc5c4)CC1CC3)CO2,8.85,Ki,=,1.4,nM,CHEMBL805242,B,BAO_0000357,CHEMBL1147408,Bioorg Med Chem Lett,2004
CHEMBL228,Sodium-dependent serotonin transporter,CHEMBL337020,CHEMBL337020,OC1(c2ccc(Cl)cc2)c2ccccc2C2=N[C@H]3CCCC[C@@H]3N21,6.22,Ki,=,600.0,nM,CHEMBL805241,B,BAO_0000219,CHEMBL1135776,J Med Chem,2002
CHEMBL228,Sodium-dependent serotonin transporter,CHEMBL132676,CHEMBL132676,OC1(c2ccc3ccccc3c2)c2ccccc2C2=NCCN21,8.64,Ki,=,2.3,nM,CHEMBL805241,B,BAO_0000219,CHEMBL1135776,J Med Chem,2002
CHEMBL228,Sodium-dependent serotonin transporter,CHEMBL356904,CHEMBL356904,COc1cccc2c1O[C@@H](CN1C3C=C(c4cccc5ccccc45)CC1CC3)CO2,7.58,Ki,=,26.0,nM,CHEMBL805242,B,BAO_0000357,CHEMBL1147408,Bioorg Med Chem Lett,2004
CHEMBL228,Sodium-dependent serotonin transporter,CHEMBL348708,CHEMBL348708,COc1cccc2c1O[C@@H](CN1C3C=C(c4cccc5cccnc45)CC1CC3)CO2,7.48,Ki,=,33.0,nM,CHEMBL805242,B,BAO_0000357,CHEMBL1147408,Bioorg Med Chem Lett,2004
CHEMBL228,Sodium-dependent serotonin transporter,CHEMBL130477,CHEMBL130477,OC1(c2ccc(Cl)cc2)c2ccccc2C2=NCCCN21,7.41,Ki,=,39.0,nM,CHEMBL805241,B,BAO_0000219,CHEMBL1135776,J Med Chem,2002
CHEMBL228,Sodium-dependent serotonin transporter,CHEMBL137020,CHEMBL137020,Fc1ccc(C(OCCC2CCN(Cc3cc4ccccc4s3)CC2)c2ccc(F)cc2)cc1,6.61,Ki,=,246.0,nM,CHEMBL808862,B,BAO_0000357,CHEMBL1136002,J Med Chem,2002
CHEMBL228,Sodium-dependent serotonin transporter,CHEMBL538405,CHEMBL538405,Fc1ccc(C(OCCC2CCN(Cc3cc4ccccc4[nH]3)CC2)c2ccc(F)cc2)cc1,7.06,Ki,=,88.0,nM,CHEMBL808862,B,BAO_0000357,CHEMBL1136002,J Med Chem,2002
CHEMBL228,Sodium-dependent serotonin transporter,CHEMBL281594,CHEMBL281594,Fc1ccc(C(OCCN2CCN(CCCc3ccccc3)CC2)c2ccc(F)cc2)cc1,6.90,Ki,=,126.0,nM,CHEMBL808862,B,BAO_0000357,CHEMBL1136002,J Med Chem,2002
CHEMBL228,Sodium-dependent serotonin transporter,CHEMBL77867,CHEMBL77867,Fc1ccc(C(OCCC2CCN(CCCc3ccccc3)CC2)c2ccc(F)cc2)cc1,7.17,Ki,=,68.0,nM,CHEMBL808862,B,BAO_0000357,CHEMBL1136002,J Med Chem,2002
CHEMBL228,Sodium-dependent serotonin transporter,CHEMBL136057,CHEMBL136057,Fc1ccc(C(OCCC2CCN(C/C=C/c3ccco3)CC2)c2ccc(F)cc2)cc1,7.39,Ki,=,41.0,nM,CHEMBL808862,B,BAO_0000357,CHEMBL1136002,J Med Chem,2002
CHEMBL228,Sodium-dependent serotonin transporter,CHEMBL35411,CHEMBL35411,Fc1ccc(C(OCCC2CCN(Cc3cccc4ccccc34)CC2)c2ccc(F)cc2)cc1,6.43,Ki,=,370.0,nM,CHEMBL808862,B,BAO_0000357,CHEMBL1136002,J Med Chem,2002
CHEMBL228,Sodium-dependent serotonin transporter,CHEMBL416409,CHEMBL416409,Fc1ccc(C(OCCC2CCN(Cc3ccc4ccccc4c3)CC2)c2ccc(F)cc2)cc1,6.64,Ki,=,229.0,nM,CHEMBL808862,B,BAO_0000357,CHEMBL1136002,J Med Chem,2002
CHEMBL228,Sodium-dependent serotonin transporter,CHEMBL343534,CHEMBL343534,Fc1ccc(C(OCCC2CCN(C/C=C/c3cccs3)CC2)c2ccc(F)cc2)cc1,7.35,Ki,=,45.0,nM,CHEMBL808862,B,BAO_0000357,CHEMBL1136002,J Med Chem,2002
CHEMBL228,Sodium-dependent serotonin transporter,CHEMBL136249,CHEMBL136249,Fc1ccc(C(OCCC2CCN(CC#Cc3ccccc3)CC2)c2ccc(F)cc2)cc1,6.79,Ki,=,164.0,nM,CHEMBL808862,B,BAO_0000357,CHEMBL1136002,J Med Chem,2002
CHEMBL228,Sodium-dependent serotonin transporter,CHEMBL137718,CHEMBL137718,Fc1ccc(C(OCCC2CCN(C/C=C/c3ccccc3)CC2)c2ccc(F)cc2)cc1,7.33,Ki,=,47.0,nM,CHEMBL808862,B,BAO_0000357,CHEMBL1136002,J Med Chem,2002
CHEMBL228,Sodium-dependent serotonin transporter,CHEMBL136154,CHEMBL136154,Fc1ccc(C(OCCC2CCN(Cc3cc4ccccc4o3)CC2)c2ccc(F)cc2)cc1,7.07,Ki,=,85.0,nM,CHEMBL808862,B,BAO_0000357,CHEMBL1136002,J Med Chem,2002
CHEMBL228,Sodium-dependent serotonin transporter,CHEMBL14144,CHEMBL14144,CN1C2CCC1C(C(=O)Oc1ccccc1)C(c1ccc(Cl)cc1)C2,6.41,Ki,=,390.0,nM,CHEMBL804588,B,BAO_0000219,CHEMBL1149321,J Med Chem,2004
CHEMBL228,Sodium-dependent serotonin transporter,CHEMBL549,CHEMBL549,CN(C)CCCC1(c2ccc(F)cc2)OCc2cc(C#N)ccc21,8.80,Ki,=,1.6,nM,CHEMBL804588,B,BAO_0000219,CHEMBL1149321,J Med Chem,2004
CHEMBL228,Sodium-dependent serotonin transporter,CHEMBL121611,CHEMBL121611,Fc1ccc(C(OCCNCCCNCCc2ccccc2)c2ccc(F)cc2)cc1,6.90,Ki,=,125.0,nM,CHEMBL804586,B,BAO_0000219,CHEMBL1132179,J Med Chem,1999
CHEMBL228,Sodium-dependent serotonin transporter,CHEMBL122859,CHEMBL122859,O=C1CN(CCc2ccccc2)CCN1CCOC(c1ccc(F)cc1)c1ccc(F)cc1,6.94,Ki,=,114.0,nM,CHEMBL804586,B,BAO_0000219,CHEMBL1132179,J Med Chem,1999
CHEMBL228,Sodium-dependent serotonin transporter,CHEMBL14370,CHEMBL14370,CCOc1ccccc1OC(c1ccccc1)C1CNCCO1,6.89,Ki,=,129.0,nM,CHEMBL804588,B,BAO_0000219,CHEMBL1149321,J Med Chem,2004
CHEMBL228,Sodium-dependent serotonin transporter,CHEMBL123252,CHEMBL123252,CN(CCCc1ccccc1)CCCN(C)CCOC(c1ccccc1)c1ccccc1,6.36,Ki,=,438.0,nM,CHEMBL804586,B,BAO_0000219,CHEMBL1132179,J Med Chem,1999
CHEMBL228,Sodium-dependent serotonin transporter,CHEMBL14305,CHEMBL14305,COC(=O)C1C(c2ccc(/C=C\Br)cc2)CC2CCC1N2C,10.10,Ki,=,0.08,nM,CHEMBL804588,B,BAO_0000219,CHEMBL1149321,J Med Chem,2004
CHEMBL228,Sodium-dependent serotonin transporter,CHEMBL428706,CHEMBL428706,COC(=O)C1C2CCC(CC1c1ccc(/C=C\I)cc1)N2,10.30,Ki,=,0.05,nM,CHEMBL804588,B,BAO_0000219,CHEMBL1149321,J Med Chem,2004
CHEMBL228,Sodium-dependent serotonin transporter,CHEMBL420900,CHEMBL420900,O=C(Cc1ccccc1)NCCCNCCOC(c1ccc(F)cc1)c1ccc(F)cc1,5.94,Ki,=,1150.0,nM,CHEMBL804586,B,BAO_0000219,CHEMBL1132179,J Med Chem,1999
CHEMBL228,Sodium-dependent serotonin transporter,CHEMBL333667,CHEMBL333667,O=C(Cc1ccccc1)NCCNCCOC(c1ccc(F)cc1)c1ccc(F)cc1,6.25,Ki,=,556.0,nM,CHEMBL804586,B,BAO_0000219,CHEMBL1132179,J Med Chem,1999
CHEMBL228,Sodium-dependent serotonin transporter,CHEMBL122452,CHEMBL122452,CN(CCCN(C)CCc1ccccc1)CCOC(c1ccccc1)c1ccccc1,5.82,Ki,=,1530.0,nM,CHEMBL804586,B,BAO_0000219,CHEMBL1132179,J Med Chem,1999
CHEMBL228,Sodium-dependent serotonin transporter,CHEMBL2112594,CHEMBL2112594,O=C(CCc1ccccc1)NCCNCCOC(c1ccc(F)cc1)c1ccc(F)cc1,6.28,Ki,=,523.0,nM,CHEMBL804586,B,BAO_0000219,CHEMBL1132179,J Med Chem,1999
CHEMBL228,Sodium-dependent serotonin transporter,CHEMBL275212,CHEMBL275212,COC(=O)C1C(c2ccc(/C=C\I)cc2)CC2CCC1N2C,9.96,Ki,=,0.11,nM,CHEMBL804588,B,BAO_0000219,CHEMBL1149321,J Med Chem,2004
CHEMBL228,Sodium-dependent serotonin transporter,CHEMBL370805,CHEMBL370805,COC(=O)[C@H]1[C@@H](OC(=O)c2ccccc2)C[C@@H]2CC[C@H]1N2C,6.41,Ki,=,387.0,nM,CHEMBL804586,B,BAO_0000219,CHEMBL1132179,J Med Chem,1999
CHEMBL228,Sodium-dependent serotonin transporter,CHEMBL121027,CHEMBL121027,CN(CCOC(c1ccccc1)c1ccccc1)CCN(C)CCc1ccc(F)cc1,6.26,Ki,=,550.0,nM,CHEMBL804586,B,BAO_0000219,CHEMBL1132179,J Med Chem,1999
CHEMBL228,Sodium-dependent serotonin transporter,CHEMBL311347,CHEMBL311347,COC(=O)[C@@H]1C2CC[C@H](C[C@@H]1c1ccc(I)cc1)N2C,8.38,Ki,=,4.2,nM,CHEMBL804588,B,BAO_0000219,CHEMBL1149321,J Med Chem,2004
CHEMBL228,Sodium-dependent serotonin transporter,CHEMBL121460,CHEMBL121460,CN(CCOC(c1ccc(F)cc1)c1ccc(F)cc1)CCN(C)CCOC(c1ccc(F)cc1)c1ccc(F)cc1,6.11,Ki,=,770.0,nM,CHEMBL804586,B,BAO_0000219,CHEMBL1132179,J Med Chem,1999
CHEMBL228,Sodium-dependent serotonin transporter,CHEMBL123830,CHEMBL123830,O=C(Cc1ccc(F)cc1)NCCNCCOC(c1ccc(F)cc1)c1ccc(F)cc1,6.46,Ki,=,351.0,nM,CHEMBL804586,B,BAO_0000219,CHEMBL1132179,J Med Chem,1999
CHEMBL228,Sodium-dependent serotonin transporter,CHEMBL14613,CHEMBL14613,COC(=O)C1C2CCC(CC1c1ccc(I)cc1)N2,9.44,Ki,=,0.36,nM,CHEMBL804588,B,BAO_0000219,CHEMBL1149321,J Med Chem,2004
CHEMBL228,Sodium-dependent serotonin transporter,CHEMBL124222,CHEMBL124222,O=C1CN(CCOC(c2ccccc2)c2ccccc2)CCN1CCCc1ccccc1,5.23,Ki,=,5900.0,nM,CHEMBL804586,B,BAO_0000219,CHEMBL1132179,J Med Chem,1999
CHEMBL228,Sodium-dependent serotonin transporter,CHEMBL14257,CHEMBL14257,COC(=O)C1C2CCC(CC1c1ccc(C=C(Br)Br)cc1)N2,10.10,Ki,=,0.08,nM,CHEMBL804588,B,BAO_0000219,CHEMBL1149321,J Med Chem,2004
CHEMBL228,Sodium-dependent serotonin transporter,CHEMBL27979,CHEMBL27979,C[C@H]1CC[C@H](C)N1CCCOc1ccc(-c2ccc(C(=O)N3CCOCC3)cc2)cc1,5.45,Ki,=,3548.13,nM,CHEMBL857869,B,BAO_0000357,CHEMBL1136688,Bioorg Med Chem Lett,2003
CHEMBL228,Sodium-dependent serotonin transporter,CHEMBL14924,CHEMBL14924,COC(=O)C1C(c2ccc(C=C(Br)Br)cc2)CC2CCC1N2C,8.87,Ki,=,1.35,nM,CHEMBL804588,B,BAO_0000219,CHEMBL1149321,J Med Chem,2004
CHEMBL228,Sodium-dependent serotonin transporter,CHEMBL2112595,CHEMBL2112595,O=C(CCc1ccc(Br)cc1)N/C=C/NCCOC(c1ccc(F)cc1)c1ccc(F)cc1,6.23,Ki,=,590.0,nM,CHEMBL804586,B,BAO_0000219,CHEMBL1132179,J Med Chem,1999
CHEMBL228,Sodium-dependent serotonin transporter,CHEMBL14531,CHEMBL14531,COC(=O)C1C2CCC(CC1c1ccc(/C=C\Br)cc1)N2,10.40,Ki,=,0.04,nM,CHEMBL804588,B,BAO_0000219,CHEMBL1149321,J Med Chem,2004
CHEMBL228,Sodium-dependent serotonin transporter,CHEMBL432727,CHEMBL432727,CN1C2CCC1C(C(=O)NCCCCCCNC(=O)C1C(c3ccc(Cl)cc3)CC3CCC1N3C)C(c1ccc(Cl)cc1)C2,6.99,Ki,=,102.3,nM,CHEMBL805519,B,BAO_0000219,CHEMBL1136813,Bioorg Med Chem Lett,2003
CHEMBL228,Sodium-dependent serotonin transporter,CHEMBL407803,CHEMBL407803,CN1C2CCC1C(C(=O)NCCCCNC(=O)C1C(c3ccc(Cl)cc3)CC3CCC1N3C)C(c1ccc(Cl)cc1)C2,5.50,Ki,=,3135.7,nM,CHEMBL805519,B,BAO_0000219,CHEMBL1136813,Bioorg Med Chem Lett,2003
CHEMBL228,Sodium-dependent serotonin transporter,CHEMBL307314,CHEMBL307314,CN1C2CCC1C(C(=O)NCCCCCCCCNC(=O)C1C(c3ccc(Cl)cc3)CC3CCC1N3C)C(c1ccc(Cl)cc1)C2,8.10,Ki,=,7.9,nM,CHEMBL805519,B,BAO_0000219,CHEMBL1136813,Bioorg Med Chem Lett,2003
CHEMBL228,Sodium-dependent serotonin transporter,CHEMBL303266,CHEMBL303266,CN1C2CCC1C(C(=O)NCCCNC(=O)C1C(c3ccc(Cl)cc3)CC3CCC1N3C)C(c1ccc(Cl)cc1)C2,6.45,Ki,=,357.0,nM,CHEMBL805519,B,BAO_0000219,CHEMBL1136813,Bioorg Med Chem Lett,2003
CHEMBL228,Sodium-dependent serotonin transporter,CHEMBL370805,CHEMBL370805,COC(=O)[C@H]1[C@@H](OC(=O)c2ccccc2)C[C@@H]2CC[C@H]1N2C,6.22,Ki,=,601.0,nM,CHEMBL805519,B,BAO_0000219,CHEMBL1136813,Bioorg Med Chem Lett,2003
CHEMBL228,Sodium-dependent serotonin transporter,CHEMBL306208,CHEMBL306208,COC(=O)C1C(c2ccc(Cl)cc2)CC2CCC1N2C,7.35,Ki,=,44.5,nM,CHEMBL805519,B,BAO_0000219,CHEMBL1136813,Bioorg Med Chem Lett,2003
CHEMBL228,Sodium-dependent serotonin transporter,CHEMBL337791,CHEMBL337791,CNCCC(Oc1cccc2ccccc12)c1cccc(OC)c1,8.66,Ki,=,2.2,nM,CHEMBL805514,B,BAO_0000357,CHEMBL1136501,Bioorg Med Chem Lett,2003
CHEMBL228,Sodium-dependent serotonin transporter,CHEMBL328631,CHEMBL328631,COc1cc2c(cc1OC)C1=NO[C@@H](CN3CCN(C/C=C(\C)c4ccc(F)cc4F)CC3)[C@@H]1CO2,8.27,Ki,=,5.4,nM,CHEMBL804590,B,BAO_0000357,CHEMBL1146766,Bioorg Med Chem Lett,2004
CHEMBL228,Sodium-dependent serotonin transporter,CHEMBL98889,CHEMBL98889,COc1cc2c(cc1OC)C1=NO[C@@H](CN3CCN(C/C(C)=C/c4cccnc4)CC3)[C@@H]1CO2,7.20,Ki,=,63.0,nM,CHEMBL804590,B,BAO_0000357,CHEMBL1146766,Bioorg Med Chem Lett,2004
CHEMBL228,Sodium-dependent serotonin transporter,CHEMBL139168,CHEMBL139168,CNCCC(Oc1cccc2ccccc12)c1ccc(Br)cc1,8.39,Ki,=,4.1,nM,CHEMBL805514,B,BAO_0000357,CHEMBL1136501,Bioorg Med Chem Lett,2003
CHEMBL228,Sodium-dependent serotonin transporter,CHEMBL328114,CHEMBL328114,COc1cc2c(cc1OC)C1=NO[C@@H](CN3CCN(C/C=C/c4ccccc4)CC3)[C@@H]1CO2,8.08,Ki,=,8.3,nM,CHEMBL804590,B,BAO_0000357,CHEMBL1146766,Bioorg Med Chem Lett,2004
CHEMBL228,Sodium-dependent serotonin transporter,CHEMBL138031,CHEMBL138031,CNCCC(Oc1cccc2ccccc12)c1nccs1,8.19,Ki,=,6.4,nM,CHEMBL805514,B,BAO_0000357,CHEMBL1136501,Bioorg Med Chem Lett,2003
CHEMBL228,Sodium-dependent serotonin transporter,CHEMBL95218,CHEMBL95218,COc1cc2c(cc1OC)C1=NO[C@@H](CN3CCN(C/C=C/c4cccc(F)c4)CC3)[C@@H]1CO2,8.60,Ki,=,2.5,nM,CHEMBL804590,B,BAO_0000357,CHEMBL1146766,Bioorg Med Chem Lett,2004
CHEMBL228,Sodium-dependent serotonin transporter,CHEMBL419894,CHEMBL419894,COc1cc2c(cc1OC)C1=NO[C@@H](CN3CCN(C/C=C/c4ccc(F)cc4)CC3)[C@@H]1CO2,8.25,Ki,=,5.6,nM,CHEMBL804590,B,BAO_0000357,CHEMBL1146766,Bioorg Med Chem Lett,2004
CHEMBL228,Sodium-dependent serotonin transporter,CHEMBL119605,CHEMBL119605,CNCC[C@H](Oc1cccc2c(O)c(OC)ccc12)c1cccs1,6.58,Ki,=,266.0,nM,CHEMBL804696,B,BAO_0000357,CHEMBL1149199,Bioorg Med Chem Lett,2004
CHEMBL228,Sodium-dependent serotonin transporter,CHEMBL139277,CHEMBL139277,CNCCC(Oc1cccc2ccccc12)c1cccc(C)c1,8.40,Ki,=,4.0,nM,CHEMBL805514,B,BAO_0000357,CHEMBL1136501,Bioorg Med Chem Lett,2003
CHEMBL228,Sodium-dependent serotonin transporter,CHEMBL325669,CHEMBL325669,CNCC[C@H](Oc1cccc2c(OC)c(O)ccc12)c1cccs1,8.44,Ki,=,3.66,nM,CHEMBL804697,B,BAO_0000357,CHEMBL1149199,Bioorg Med Chem Lett,2004
CHEMBL228,Sodium-dependent serotonin transporter,CHEMBL141974,CHEMBL141974,CNCCC(Oc1cccc2ccccc12)c1cccc(C(F)(F)F)c1,7.72,Ki,=,19.0,nM,CHEMBL805514,B,BAO_0000357,CHEMBL1136501,Bioorg Med Chem Lett,2003
CHEMBL228,Sodium-dependent serotonin transporter,CHEMBL101411,CHEMBL101411,COc1cc2c(cc1OC)C1=NO[C@@H](CN3CCN(C/C=C/c4ccc(Cl)cc4)CC3)[C@@H]1CO2,8.89,Ki,=,1.3,nM,CHEMBL804590,B,BAO_0000357,CHEMBL1146766,Bioorg Med Chem Lett,2004
CHEMBL228,Sodium-dependent serotonin transporter,CHEMBL101361,CHEMBL101361,COc1cc2c(cc1OC)C1=NO[C@@H](CN3CCN(C/C=C(\C)c4ccccc4OC)CC3)[C@@H]1CO2,7.29,Ki,=,51.0,nM,CHEMBL804590,B,BAO_0000357,CHEMBL1146766,Bioorg Med Chem Lett,2004
CHEMBL228,Sodium-dependent serotonin transporter,CHEMBL419336,CHEMBL419336,COc1cc2c(cc1OC)C1=NO[C@@H](CN3CCN(C/C(C)=C/c4cccc(F)c4F)CC3)[C@@H]1CO2,8.15,Ki,=,7.1,nM,CHEMBL804590,B,BAO_0000357,CHEMBL1146766,Bioorg Med Chem Lett,2004
CHEMBL228,Sodium-dependent serotonin transporter,CHEMBL141681,CHEMBL141681,CNCCC(Oc1cccc2ccccc12)c1ccccc1,8.62,Ki,=,2.4,nM,CHEMBL805514,B,BAO_0000357,CHEMBL1136501,Bioorg Med Chem Lett,2003
CHEMBL228,Sodium-dependent serotonin transporter,CHEMBL99916,CHEMBL99916,COc1cc2c(cc1OC)C1=NO[C@@H](CN3CCN(C/C(C)=C/c4ccco4)CC3)[C@@H]1CO2,7.68,Ki,=,21.0,nM,CHEMBL804590,B,BAO_0000357,CHEMBL1146766,Bioorg Med Chem Lett,2004
CHEMBL228,Sodium-dependent serotonin transporter,CHEMBL334929,CHEMBL334929,CNCCC(Oc1cccc2ccccc12)c1ccccc1C(F)(F)F,8.00,Ki,=,10.0,nM,CHEMBL805514,B,BAO_0000357,CHEMBL1136501,Bioorg Med Chem Lett,2003
CHEMBL228,Sodium-dependent serotonin transporter,CHEMBL98646,CHEMBL98646,COc1cc2c(cc1OC)C1=NO[C@@H](CN3CCN(C/C(C)=C/c4cccs4)CC3)[C@@H]1CO2,8.57,Ki,=,2.7,nM,CHEMBL804590,B,BAO_0000357,CHEMBL1146766,Bioorg Med Chem Lett,2004
CHEMBL228,Sodium-dependent serotonin transporter,CHEMBL101596,CHEMBL101596,COc1cc2c(cc1OC)C1=NO[C@@H](CN3CCN(C/C(C)=C/c4ccsc4)CC3)[C@@H]1CO2,8.72,Ki,=,1.9,nM,CHEMBL804590,B,BAO_0000357,CHEMBL1146766,Bioorg Med Chem Lett,2004
CHEMBL228,Sodium-dependent serotonin transporter,CHEMBL328195,CHEMBL328195,COc1cc2c(cc1OC)C1=NO[C@@H](CN3CCN(C/C=C(\C)c4ccsc4)CC3)[C@@H]1CO2,8.32,Ki,=,4.8,nM,CHEMBL804590,B,BAO_0000357,CHEMBL1146766,Bioorg Med Chem Lett,2004
CHEMBL228,Sodium-dependent serotonin transporter,CHEMBL420142,CHEMBL1207614,CNCC[C@H](Oc1cccc2c(OS(=O)(=O)[O-])c(OC)ccc12)c1cccs1.[Na+],5.51,Ki,=,3118.0,nM,CHEMBL804696,B,BAO_0000357,CHEMBL1149199,Bioorg Med Chem Lett,2004
CHEMBL228,Sodium-dependent serotonin transporter,CHEMBL319573,CHEMBL319573,COc1cc2c(cc1OC)C1=NO[C@@H](CN3CCN(C/C=C/c4ccccc4F)CC3)[C@@H]1CO2,7.89,Ki,=,13.0,nM,CHEMBL804590,B,BAO_0000357,CHEMBL1146766,Bioorg Med Chem Lett,2004
CHEMBL228,Sodium-dependent serotonin transporter,CHEMBL337798,CHEMBL337798,CNCCC(Oc1cccc2ccccc12)c1cccc(Br)c1,8.12,Ki,=,7.6,nM,CHEMBL805514,B,BAO_0000357,CHEMBL1136501,Bioorg Med Chem Lett,2003
CHEMBL228,Sodium-dependent serotonin transporter,CHEMBL320597,CHEMBL320597,Cc1ccc(CN2CCN(CC(=O)N3c4ccccc4C[C@H]3C)CC2)cc1,6.27,Ki,=,532.0,nM,CHEMBL812552,B,BAO_0000357,CHEMBL1134937,Bioorg Med Chem Lett,2002
CHEMBL228,Sodium-dependent serotonin transporter,CHEMBL319119,CHEMBL319119,COc1cc2c(cc1OC)C1=NO[C@@H](CN3CCN(C/C(C)=C/c4cc(F)ccc4F)CC3)[C@@H]1CO2,8.49,Ki,=,3.2,nM,CHEMBL804590,B,BAO_0000357,CHEMBL1146766,Bioorg Med Chem Lett,2004
CHEMBL228,Sodium-dependent serotonin transporter,CHEMBL329065,CHEMBL329065,COc1cc2c(cc1OC)C1=NO[C@@H](CN3CCN(C/C=C(\C)c4ccc(O)cc4)CC3)[C@@H]1CO2,8.12,Ki,=,7.6,nM,CHEMBL804590,B,BAO_0000357,CHEMBL1146766,Bioorg Med Chem Lett,2004
CHEMBL228,Sodium-dependent serotonin transporter,CHEMBL2029052,CHEMBL2029052,CNCC[C@H](Oc1cccc2cc(O[C@@H]3O[C@H](C(=O)O)[C@@H](O)[C@H](O)[C@H]3O)ccc12)c1cccs1,5.84,Ki,=,1459.0,nM,CHEMBL804696,B,BAO_0000357,CHEMBL1149199,Bioorg Med Chem Lett,2004
CHEMBL228,Sodium-dependent serotonin transporter,CHEMBL318235,CHEMBL318235,COc1cc2c(cc1OC)C1=NO[C@@H](CN3CCN(C/C(C)=C/c4ccc(F)cc4)CC3)[C@@H]1CO2,8.92,Ki,=,1.2,nM,CHEMBL804590,B,BAO_0000357,CHEMBL1146766,Bioorg Med Chem Lett,2004
CHEMBL228,Sodium-dependent serotonin transporter,CHEMBL98541,CHEMBL98541,COc1cc2c(cc1OC)C1=NO[C@@H](CN3CCN(C/C=C(\C)c4ccc(F)cc4)CC3)[C@@H]1CO2,8.89,Ki,=,1.3,nM,CHEMBL804590,B,BAO_0000357,CHEMBL1146766,Bioorg Med Chem Lett,2004
CHEMBL228,Sodium-dependent serotonin transporter,CHEMBL139245,CHEMBL139245,CNCCC(Oc1cccc2ccccc12)c1ccc(Cl)cc1,8.42,Ki,=,3.8,nM,CHEMBL805514,B,BAO_0000357,CHEMBL1136501,Bioorg Med Chem Lett,2003
CHEMBL228,Sodium-dependent serotonin transporter,CHEMBL142028,CHEMBL142028,CNCCC(Oc1cccc2ccccc12)c1ccsc1,8.96,Ki,=,1.1,nM,CHEMBL805514,B,BAO_0000357,CHEMBL1136501,Bioorg Med Chem Lett,2003
CHEMBL228,Sodium-dependent serotonin transporter,CHEMBL1175,CHEMBL1175,CNCC[C@H](Oc1cccc2ccccc12)c1cccs1,9.10,Ki,=,0.8,nM,CHEMBL805348,B,BAO_0000357,CHEMBL1136501,Bioorg Med Chem Lett,2003
CHEMBL228,Sodium-dependent serotonin transporter,CHEMBL91157,CHEMBL91157,COc1cc2c(cc1OC)C1=NO[C@@H](CN3CCN(C/C(C)=C/c4ccccc4)CC3)[C@@H]1CO2,8.64,Ki,=,2.3,nM,CHEMBL804590,B,BAO_0000357,CHEMBL1146766,Bioorg Med Chem Lett,2004
CHEMBL228,Sodium-dependent serotonin transporter,CHEMBL419316,CHEMBL419316,COc1cc2c(cc1OC)C1=NO[C@@H](CN3CCN(C/C=C(\C)c4ccccc4)CC3)[C@@H]1CO2,8.35,Ki,=,4.5,nM,CHEMBL804590,B,BAO_0000357,CHEMBL1146766,Bioorg Med Chem Lett,2004
CHEMBL228,Sodium-dependent serotonin transporter,CHEMBL342716,CHEMBL342716,CNCCC(Oc1cccc2ccccc12)c1ccc(F)cc1,9.02,Ki,=,0.95,nM,CHEMBL805514,B,BAO_0000357,CHEMBL1136501,Bioorg Med Chem Lett,2003
CHEMBL228,Sodium-dependent serotonin transporter,CHEMBL326713,CHEMBL326713,CNCC[C@H](Oc1cccc2c(O)c(O)ccc12)c1cccs1,7.50,Ki,=,31.7,nM,CHEMBL804696,B,BAO_0000357,CHEMBL1149199,Bioorg Med Chem Lett,2004
CHEMBL228,Sodium-dependent serotonin transporter,CHEMBL343324,CHEMBL343324,CNCCCOc1cccc2ccccc12,7.12,Ki,=,75.0,nM,CHEMBL805514,B,BAO_0000357,CHEMBL1136501,Bioorg Med Chem Lett,2003
CHEMBL228,Sodium-dependent serotonin transporter,CHEMBL424660,CHEMBL424660,CNCCC(Oc1cccc2ccccc12)c1cccs1,8.85,Ki,=,1.4,nM,CHEMBL805514,B,BAO_0000357,CHEMBL1136501,Bioorg Med Chem Lett,2003
CHEMBL228,Sodium-dependent serotonin transporter,CHEMBL99868,CHEMBL99868,COc1ccccc1/C=C(\C)CN1CCN(C[C@@H]2ON=C3c4cc(OC)c(OC)cc4OC[C@H]32)CC1,8.80,Ki,=,1.6,nM,CHEMBL804590,B,BAO_0000357,CHEMBL1146766,Bioorg Med Chem Lett,2004
CHEMBL228,Sodium-dependent serotonin transporter,CHEMBL137936,CHEMBL137936,CNCCC(Oc1cccc2ccccc12)c1ccc(C(F)(F)F)cc1,7.84,Ki,=,14.5,nM,CHEMBL805514,B,BAO_0000357,CHEMBL1136501,Bioorg Med Chem Lett,2003
CHEMBL228,Sodium-dependent serotonin transporter,CHEMBL139106,CHEMBL139106,CNCCC(Oc1cccc2ccccc12)c1ccccc1OC,8.64,Ki,=,2.3,nM,CHEMBL805514,B,BAO_0000357,CHEMBL1136501,Bioorg Med Chem Lett,2003
CHEMBL228,Sodium-dependent serotonin transporter,CHEMBL337822,CHEMBL337822,CNCCC(Oc1cccc2ccccc12)c1ccco1,9.15,Ki,=,0.7,nM,CHEMBL805514,B,BAO_0000357,CHEMBL1136501,Bioorg Med Chem Lett,2003
CHEMBL228,Sodium-dependent serotonin transporter,CHEMBL332098,CHEMBL332098,CNCC[C@H](Oc1cccc2cc(O)ccc12)c1cccs1,8.97,Ki,=,1.06,nM,CHEMBL804697,B,BAO_0000357,CHEMBL1149199,Bioorg Med Chem Lett,2004
CHEMBL228,Sodium-dependent serotonin transporter,CHEMBL141114,CHEMBL141114,CNCCC(Oc1cccc2ccccc12)c1ccc(C)cc1,8.68,Ki,=,2.1,nM,CHEMBL805514,B,BAO_0000357,CHEMBL1136501,Bioorg Med Chem Lett,2003
CHEMBL228,Sodium-dependent serotonin transporter,CHEMBL100879,CHEMBL100879,COc1cc2c(cc1OC)C1=NO[C@@H](CN3CCN(C/C=C(\C)c4cccs4)CC3)[C@@H]1CO2,7.13,Ki,=,74.0,nM,CHEMBL804590,B,BAO_0000357,CHEMBL1146766,Bioorg Med Chem Lett,2004
CHEMBL228,Sodium-dependent serotonin transporter,CHEMBL1175,CHEMBL1175,CNCC[C@H](Oc1cccc2ccccc12)c1cccs1,9.10,Ki,=,0.79,nM,CHEMBL804696,B,BAO_0000357,CHEMBL1149199,Bioorg Med Chem Lett,2004
CHEMBL228,Sodium-dependent serotonin transporter,CHEMBL263424,CHEMBL263424,COc1cc2c(cc1OC)C1=NO[C@@H](CN3CCN(C/C(C)=C/c4cccc(F)c4)CC3)[C@@H]1CO2,9.22,Ki,=,0.6,nM,CHEMBL804590,B,BAO_0000357,CHEMBL1146766,Bioorg Med Chem Lett,2004
CHEMBL228,Sodium-dependent serotonin transporter,CHEMBL420830,CHEMBL420830,COc1cc2c(cc1OC)C1=NO[C@@H](CN3CCN(C/C=C\c4ccccc4)CC3)[C@@H]1CO2,7.46,Ki,=,35.0,nM,CHEMBL804590,B,BAO_0000357,CHEMBL1146766,Bioorg Med Chem Lett,2004
CHEMBL228,Sodium-dependent serotonin transporter,CHEMBL324967,CHEMBL324967,CNCC[C@H](Oc1cccc2c(O)cccc12)c1cccs1,8.02,Ki,=,9.6,nM,CHEMBL804697,B,BAO_0000357,CHEMBL1149199,Bioorg Med Chem Lett,2004
CHEMBL228,Sodium-dependent serotonin transporter,CHEMBL141741,CHEMBL141741,CNCCC(Oc1cccc2ccccc12)c1ccccc1C,8.70,Ki,=,2.0,nM,CHEMBL805514,B,BAO_0000357,CHEMBL1136501,Bioorg Med Chem Lett,2003
CHEMBL228,Sodium-dependent serotonin transporter,CHEMBL332097,CHEMBL332097,CNCC[C@H](Oc1ccc(O)c2ccccc12)c1cccs1,7.19,Ki,=,63.9,nM,CHEMBL804697,B,BAO_0000357,CHEMBL1149199,Bioorg Med Chem Lett,2004
CHEMBL228,Sodium-dependent serotonin transporter,CHEMBL319530,CHEMBL319530,COc1cc2c(cc1OC)C1=NO[C@@H](CN3CCN(C/C=C(\C)c4ccco4)CC3)[C@@H]1CO2,7.66,Ki,=,22.0,nM,CHEMBL804590,B,BAO_0000357,CHEMBL1146766,Bioorg Med Chem Lett,2004
CHEMBL228,Sodium-dependent serotonin transporter,CHEMBL138195,CHEMBL138195,CNCCCCOc1cccc2ccccc12,7.51,Ki,=,31.0,nM,CHEMBL805514,B,BAO_0000357,CHEMBL1136501,Bioorg Med Chem Lett,2003
CHEMBL228,Sodium-dependent serotonin transporter,CHEMBL415244,CHEMBL415244,CNCCC(Oc1cccc2ccccc12)c1ccc(OC)cc1,8.46,Ki,=,3.5,nM,CHEMBL805514,B,BAO_0000357,CHEMBL1136501,Bioorg Med Chem Lett,2003
CHEMBL228,Sodium-dependent serotonin transporter,CHEMBL344513,CHEMBL344513,CC(C)(C)N[C@@H]1C[C@@H](c2ccc(Cl)c(Cl)c2)c2ccccc21,6.13,Ki,=,740.0,nM,CHEMBL799116,B,BAO_0000357,CHEMBL1133565,J Med Chem,2000
CHEMBL228,Sodium-dependent serotonin transporter,CHEMBL344513,CHEMBL344513,CC(C)(C)N[C@@H]1C[C@@H](c2ccc(Cl)c(Cl)c2)c2ccccc21,5.51,Ki,=,3100.0,nM,CHEMBL799117,B,BAO_0000357,CHEMBL1133565,J Med Chem,2000
CHEMBL228,Sodium-dependent serotonin transporter,CHEMBL370805,CHEMBL370805,COC(=O)[C@H]1[C@@H](OC(=O)c2ccccc2)C[C@@H]2CC[C@H]1N2C,6.30,Ki,=,500.0,nM,CHEMBL799116,B,BAO_0000357,CHEMBL1133565,J Med Chem,2000
CHEMBL228,Sodium-dependent serotonin transporter,CHEMBL370805,CHEMBL370805,COC(=O)[C@H]1[C@@H](OC(=O)c2ccccc2)C[C@@H]2CC[C@H]1N2C,6.51,Ki,=,310.0,nM,CHEMBL799117,B,BAO_0000357,CHEMBL1133565,J Med Chem,2000
CHEMBL228,Sodium-dependent serotonin transporter,CHEMBL344110,CHEMBL344110,CC(C)N(C)[C@H]1C[C@@H](c2ccc(Cl)c(Cl)c2)c2ccccc21,7.14,Ki,=,73.0,nM,CHEMBL799116,B,BAO_0000357,CHEMBL1133565,J Med Chem,2000
CHEMBL228,Sodium-dependent serotonin transporter,CHEMBL344110,CHEMBL344110,CC(C)N(C)[C@H]1C[C@@H](c2ccc(Cl)c(Cl)c2)c2ccccc21,5.75,Ki,=,1800.0,nM,CHEMBL799117,B,BAO_0000357,CHEMBL1133565,J Med Chem,2000
CHEMBL228,Sodium-dependent serotonin transporter,CHEMBL147983,CHEMBL147983,CCN[C@@H]1C[C@@H](c2ccc(Cl)c(Cl)c2)c2ccccc21,8.70,Ki,=,2.0,nM,CHEMBL799116,B,BAO_0000357,CHEMBL1133565,J Med Chem,2000
CHEMBL228,Sodium-dependent serotonin transporter,CHEMBL147983,CHEMBL147983,CCN[C@@H]1C[C@@H](c2ccc(Cl)c(Cl)c2)c2ccccc21,7.89,Ki,=,13.0,nM,CHEMBL799117,B,BAO_0000357,CHEMBL1133565,J Med Chem,2000
CHEMBL228,Sodium-dependent serotonin transporter,CHEMBL145940,CHEMBL145940,CC(C)(C)N[C@H]1C[C@@H](c2ccc(Cl)c(Cl)c2)c2ccccc21,5.77,Ki,=,1700.0,nM,CHEMBL799116,B,BAO_0000357,CHEMBL1133565,J Med Chem,2000
CHEMBL228,Sodium-dependent serotonin transporter,CHEMBL343211,CHEMBL343211,CN(Cc1ccccc1)[C@@H]1C[C@@H](c2ccc(Cl)c(Cl)c2)c2ccccc21,6.75,Ki,=,180.0,nM,CHEMBL799116,B,BAO_0000357,CHEMBL1133565,J Med Chem,2000
CHEMBL228,Sodium-dependent serotonin transporter,CHEMBL343211,CHEMBL343211,CN(Cc1ccccc1)[C@@H]1C[C@@H](c2ccc(Cl)c(Cl)c2)c2ccccc21,5.43,Ki,=,3700.0,nM,CHEMBL799117,B,BAO_0000357,CHEMBL1133565,J Med Chem,2000
CHEMBL228,Sodium-dependent serotonin transporter,CHEMBL147040,CHEMBL147040,CCN(C)[C@@H]1C[C@@H](c2ccc(Cl)c(Cl)c2)c2ccccc21,7.80,Ki,=,16.0,nM,CHEMBL799116,B,BAO_0000357,CHEMBL1133565,J Med Chem,2000
CHEMBL228,Sodium-dependent serotonin transporter,CHEMBL147040,CHEMBL147040,CCN(C)[C@@H]1C[C@@H](c2ccc(Cl)c(Cl)c2)c2ccccc21,7.62,Ki,=,24.0,nM,CHEMBL799117,B,BAO_0000357,CHEMBL1133565,J Med Chem,2000
CHEMBL228,Sodium-dependent serotonin transporter,CHEMBL146332,CHEMBL146332,CN[C@H]1C[C@@H](c2ccc(Cl)c(Cl)c2)c2ccccc21,7.42,Ki,=,38.0,nM,CHEMBL799116,B,BAO_0000357,CHEMBL1133565,J Med Chem,2000
CHEMBL228,Sodium-dependent serotonin transporter,CHEMBL146332,CHEMBL146332,CN[C@H]1C[C@@H](c2ccc(Cl)c(Cl)c2)c2ccccc21,8.40,Ki,=,4.0,nM,CHEMBL799117,B,BAO_0000357,CHEMBL1133565,J Med Chem,2000
CHEMBL228,Sodium-dependent serotonin transporter,CHEMBL356750,CHEMBL356750,CN(C)[C@@H]1C[C@@H](c2ccc(Cl)c(Cl)c2)c2ccccc21,10.22,Ki,=,0.06,nM,CHEMBL799116,B,BAO_0000357,CHEMBL1133565,J Med Chem,2000
CHEMBL228,Sodium-dependent serotonin transporter,CHEMBL356750,CHEMBL356750,CN(C)[C@@H]1C[C@@H](c2ccc(Cl)c(Cl)c2)c2ccccc21,8.20,Ki,=,6.3,nM,CHEMBL799117,B,BAO_0000357,CHEMBL1133565,J Med Chem,2000
CHEMBL228,Sodium-dependent serotonin transporter,CHEMBL145994,CHEMBL145994,Clc1ccc([C@@H]2C[C@@H](NCc3ccccc3)c3ccccc32)cc1Cl,6.42,Ki,=,380.0,nM,CHEMBL799116,B,BAO_0000357,CHEMBL1133565,J Med Chem,2000
CHEMBL228,Sodium-dependent serotonin transporter,CHEMBL356981,CHEMBL356981,CC(C)N(C)[C@@H]1C[C@@H](c2ccc(Cl)c(Cl)c2)c2ccccc21,7.36,Ki,=,44.0,nM,CHEMBL799116,B,BAO_0000357,CHEMBL1133565,J Med Chem,2000
CHEMBL228,Sodium-dependent serotonin transporter,CHEMBL356981,CHEMBL356981,CC(C)N(C)[C@@H]1C[C@@H](c2ccc(Cl)c(Cl)c2)c2ccccc21,5.82,Ki,=,1500.0,nM,CHEMBL799117,B,BAO_0000357,CHEMBL1133565,J Med Chem,2000
CHEMBL228,Sodium-dependent serotonin transporter,CHEMBL1202031,CHEMBL147955,CN(C)[C@@H]1C[C@@H](c2ccc(Cl)c(Cl)c2)c2ccc(I)cc21.O=C(O)C(=O)O,7.77,Ki,=,17.0,nM,CHEMBL799115,B,BAO_0000357,CHEMBL1133565,J Med Chem,2000
CHEMBL228,Sodium-dependent serotonin transporter,CHEMBL1202031,CHEMBL147955,CN(C)[C@@H]1C[C@@H](c2ccc(Cl)c(Cl)c2)c2ccc(I)cc21.O=C(O)C(=O)O,5.43,Ki,=,3700.0,nM,CHEMBL799117,B,BAO_0000357,CHEMBL1133565,J Med Chem,2000
CHEMBL228,Sodium-dependent serotonin transporter,CHEMBL147544,CHEMBL147544,Clc1ccc([C@@H]2C[C@H](NCc3ccccc3)c3ccccc32)cc1Cl,5.68,Ki,=,2100.0,nM,CHEMBL799116,B,BAO_0000357,CHEMBL1133565,J Med Chem,2000
CHEMBL228,Sodium-dependent serotonin transporter,CHEMBL146615,CHEMBL146615,CCCN[C@H]1C[C@@H](c2ccc(Cl)c(Cl)c2)c2ccccc21,6.30,Ki,=,500.0,nM,CHEMBL799116,B,BAO_0000357,CHEMBL1133565,J Med Chem,2000
CHEMBL228,Sodium-dependent serotonin transporter,CHEMBL146615,CHEMBL146615,CCCN[C@H]1C[C@@H](c2ccc(Cl)c(Cl)c2)c2ccccc21,5.89,Ki,=,1300.0,nM,CHEMBL799117,B,BAO_0000357,CHEMBL1133565,J Med Chem,2000
CHEMBL228,Sodium-dependent serotonin transporter,CHEMBL148104,CHEMBL148104,CN([C@@H]1C[C@@H](c2ccc(Cl)c(Cl)c2)c2ccccc21)C(C)(C)C,5.33,Ki,=,4700.0,nM,CHEMBL799116,B,BAO_0000357,CHEMBL1133565,J Med Chem,2000
CHEMBL228,Sodium-dependent serotonin transporter,CHEMBL424496,CHEMBL424496,CC(C)N[C@H]1C[C@@H](c2ccc(Cl)c(Cl)c2)c2ccccc21,6.89,Ki,=,130.0,nM,CHEMBL799116,B,BAO_0000357,CHEMBL1133565,J Med Chem,2000
CHEMBL228,Sodium-dependent serotonin transporter,CHEMBL424496,CHEMBL424496,CC(C)N[C@H]1C[C@@H](c2ccc(Cl)c(Cl)c2)c2ccccc21,6.52,Ki,=,300.0,nM,CHEMBL799117,B,BAO_0000357,CHEMBL1133565,J Med Chem,2000
CHEMBL228,Sodium-dependent serotonin transporter,CHEMBL1788140,CHEMBL356750,CN(C)[C@@H]1C[C@@H](c2ccc(Cl)c(Cl)c2)c2ccccc21.O=C(O)/C=C\C(=O)O,9.48,Ki,=,0.33,nM,CHEMBL799116,B,BAO_0000357,CHEMBL1133565,J Med Chem,2000
CHEMBL228,Sodium-dependent serotonin transporter,CHEMBL1788140,CHEMBL356750,CN(C)[C@@H]1C[C@@H](c2ccc(Cl)c(Cl)c2)c2ccccc21.O=C(O)/C=C\C(=O)O,7.19,Ki,=,65.0,nM,CHEMBL799117,B,BAO_0000357,CHEMBL1133565,J Med Chem,2000
CHEMBL228,Sodium-dependent serotonin transporter,CHEMBL147950,CHEMBL147950,CN(C)[C@H]1C[C@@H](c2ccc(Cl)c(Cl)c2)c2ccccc21,8.62,Ki,=,2.4,nM,CHEMBL799116,B,BAO_0000357,CHEMBL1133565,J Med Chem,2000
CHEMBL228,Sodium-dependent serotonin transporter,CHEMBL147950,CHEMBL147950,CN(C)[C@H]1C[C@@H](c2ccc(Cl)c(Cl)c2)c2ccccc21,8.26,Ki,=,5.5,nM,CHEMBL799117,B,BAO_0000357,CHEMBL1133565,J Med Chem,2000
CHEMBL233,Mu-type opioid receptor,CHEMBL423694,CHEMBL423694,CCN(CC)C(=O)c1ccc(C(=C2CCNCC2)c2cccc(OC)c2)cc1,5.28,IC50,=,5250.0,nM,CHEMBL749749,B,BAO_0000219,CHEMBL1133469,J Med Chem,2000
CHEMBL233,Mu-type opioid receptor,CHEMBL278078,CHEMBL278078,CCN(CC)C(=O)c1ccc(C(=C2CCNCC2)c2ccccc2OC)cc1,5.46,IC50,=,3480.0,nM,CHEMBL749749,B,BAO_0000219,CHEMBL1133469,J Med Chem,2000
CHEMBL233,Mu-type opioid receptor,CHEMBL13470,CHEMBL13470,C=CCN1C[C@H](C)N([C@H](c2ccc(C(=O)N(CC)CC)cc2)c2cccc(OC)c2)C[C@H]1C,6.50,IC50,=,320.0,nM,CHEMBL749749,B,BAO_0000219,CHEMBL1133469,J Med Chem,2000
CHEMBL233,Mu-type opioid receptor,CHEMBL127802,CHEMBL127802,CCCCN1CCC(=C(c2ccccc2)c2ccc(C(=O)N(CC)CC)cc2)CC1,5.38,IC50,=,4130.0,nM,CHEMBL749749,B,BAO_0000219,CHEMBL1133469,J Med Chem,2000
CHEMBL233,Mu-type opioid receptor,CHEMBL338980,CHEMBL338980,CCN(CC)C(=O)c1ccc(C(c2ccccc2)N2CCNCC2)cc1,5.09,IC50,=,8150.0,nM,CHEMBL749749,B,BAO_0000219,CHEMBL1133469,J Med Chem,2000
CHEMBL233,Mu-type opioid receptor,CHEMBL415521,CHEMBL415521,CCN(CC)C(=O)c1ccc(C(=C2CCNCC2)c2ccccc2)cc1,5.42,IC50,=,3800.0,nM,CHEMBL749749,B,BAO_0000219,CHEMBL1133469,J Med Chem,2000
CHEMBL233,Mu-type opioid receptor,CHEMBL126884,CHEMBL126884,CCN(CC)C(=O)c1ccc(C(=C2CCNCC2)c2c(C)cccc2C)cc1,5.99,IC50,=,1020.0,nM,CHEMBL749749,B,BAO_0000219,CHEMBL1133469,J Med Chem,2000
CHEMBL233,Mu-type opioid receptor,CHEMBL126255,CHEMBL126255,C=CCN1CCC(=C(c2ccccc2)c2ccc(C(=O)N(CC)CC)cc2)CC1,5.48,IC50,=,3330.0,nM,CHEMBL749749,B,BAO_0000219,CHEMBL1133469,J Med Chem,2000
CHEMBL233,Mu-type opioid receptor,CHEMBL126857,CHEMBL126857,CCN(CC)C(=O)c1ccc(C(=C2CCNCC2)c2ccc(Cl)c(Cl)c2)cc1,5.59,IC50,=,2590.0,nM,CHEMBL749749,B,BAO_0000219,CHEMBL1133469,J Med Chem,2000
CHEMBL233,Mu-type opioid receptor,CHEMBL339457,CHEMBL339457,CCN(CC)C(=O)c1ccc(C(=C2CCNCC2)c2cccc(F)c2)cc1,5.45,IC50,=,3570.0,nM,CHEMBL749749,B,BAO_0000219,CHEMBL1133469,J Med Chem,2000
CHEMBL233,Mu-type opioid receptor,CHEMBL129315,CHEMBL129315,CCN(CC)C(=O)c1ccc(C(=C2CCNCC2)c2cccs2)cc1,5.26,IC50,=,5440.0,nM,CHEMBL749749,B,BAO_0000219,CHEMBL1133469,J Med Chem,2000
CHEMBL233,Mu-type opioid receptor,CHEMBL340131,CHEMBL340131,CCN(CC)C(=O)c1ccc(C(=C2CCNCC2)c2cccc([N+](=O)[O-])c2)cc1,5.56,IC50,=,2740.0,nM,CHEMBL749749,B,BAO_0000219,CHEMBL1133469,J Med Chem,2000
CHEMBL233,Mu-type opioid receptor,CHEMBL127788,CHEMBL127788,CCN(CC)C(=O)c1ccc(C(=C2CCN(CC3CC3)CC2)c2ccccc2)cc1,5.47,IC50,=,3390.0,nM,CHEMBL749749,B,BAO_0000219,CHEMBL1133469,J Med Chem,2000
CHEMBL233,Mu-type opioid receptor,CHEMBL129693,CHEMBL129693,CCN(CC)C(=O)c1ccc(C(=C2CCNCC2)c2ccc(SC)cc2)cc1,5.17,IC50,=,6760.0,nM,CHEMBL749749,B,BAO_0000219,CHEMBL1133469,J Med Chem,2000
CHEMBL233,Mu-type opioid receptor,CHEMBL129034,CHEMBL129034,CCN(CC)C(=O)c1ccc(C(=C2CCNCC2)c2cccc3ccccc23)cc1,6.09,IC50,=,817.0,nM,CHEMBL749749,B,BAO_0000219,CHEMBL1133469,J Med Chem,2000
CHEMBL233,Mu-type opioid receptor,CHEMBL127495,CHEMBL127495,CCN(CC)C(=O)c1ccc(C(=C2CCNCC2)c2cccc(N)c2)cc1,5.22,IC50,=,5980.0,nM,CHEMBL749749,B,BAO_0000219,CHEMBL1133469,J Med Chem,2000
CHEMBL233,Mu-type opioid receptor,CHEMBL340476,CHEMBL340476,CCN(CC)C(=O)c1ccc(C(=C2CCN(C3CCCCC3)CC2)c2ccccc2)cc1,6.22,IC50,=,597.0,nM,CHEMBL749749,B,BAO_0000219,CHEMBL1133469,J Med Chem,2000
CHEMBL233,Mu-type opioid receptor,CHEMBL126141,CHEMBL126141,CCN(CC)C(=O)c1ccc(C(=C2CCN(CC=C(C)C)CC2)c2ccccc2)cc1,5.99,IC50,=,1030.0,nM,CHEMBL749749,B,BAO_0000219,CHEMBL1133469,J Med Chem,2000
CHEMBL233,Mu-type opioid receptor,CHEMBL126370,CHEMBL126370,CCN(CC)C(=O)c1ccc(C(=C2CCNCC2)c2ccccc2F)cc1,5.53,IC50,=,2980.0,nM,CHEMBL749749,B,BAO_0000219,CHEMBL1133469,J Med Chem,2000
CHEMBL233,Mu-type opioid receptor,CHEMBL339922,CHEMBL339922,CCN(CC)C(=O)c1ccc(C(=C2CCNCC2)c2ccc(OC)cc2)cc1,5.26,IC50,=,5440.0,nM,CHEMBL749749,B,BAO_0000219,CHEMBL1133469,J Med Chem,2000
CHEMBL233,Mu-type opioid receptor,CHEMBL339898,CHEMBL339898,CCN(CC)C(=O)c1ccc(C(=C2CCNCC2)c2cccc(C(F)(F)F)c2)cc1,5.82,IC50,=,1510.0,nM,CHEMBL749749,B,BAO_0000219,CHEMBL1133469,J Med Chem,2000
CHEMBL233,Mu-type opioid receptor,CHEMBL129300,CHEMBL129300,CCN(CC)C(=O)c1ccc(C(=C2CCNCC2)c2cccc(C(C)=O)c2)cc1,5.48,IC50,=,3290.0,nM,CHEMBL749749,B,BAO_0000219,CHEMBL1133469,J Med Chem,2000
CHEMBL233,Mu-type opioid receptor,CHEMBL127007,CHEMBL127007,CCN(CC)C(=O)c1ccc(C(=C2CCNCC2)c2ccc(Cl)cc2)cc1,5.30,IC50,=,5050.0,nM,CHEMBL749749,B,BAO_0000219,CHEMBL1133469,J Med Chem,2000
CHEMBL233,Mu-type opioid receptor,CHEMBL1790709,CHEMBL1790709,CC(C)C[C@H](NC(=O)[C@H](Cc1ccccc1)NC(=O)CNC(=O)[C@H](NC(=O)[C@@H](N)Cc1ccc(O)cc1)[C@@H](C)O)C(=O)N[C@@H](CO[C@H]1O[C@@H](CO)[C@H](O)[C@@H](O)[C@H]1O)C(N)=O,8.09,IC50,=,8.2,nM,CHEMBL757306,B,BAO_0000357,CHEMBL1133766,J Med Chem,2000
CHEMBL233,Mu-type opioid receptor,CHEMBL1790710,CHEMBL1790710,CC(C)C[C@H](NC(=O)[C@H](Cc1ccccc1)NC(=O)CNC(=O)[C@H](NC(=O)[C@@H](N)Cc1ccc(O)cc1)[C@@H](C)O)C(=O)N[C@@H](CO)C(N)=O,8.40,IC50,=,4.0,nM,CHEMBL757306,B,BAO_0000357,CHEMBL1133766,J Med Chem,2000
CHEMBL233,Mu-type opioid receptor,CHEMBL278789,CHEMBL278789,C[C@@H](NC(=O)[C@@H](N)Cc1ccc(O)cc1)C(=O)N[C@@H](Cc1ccccc1)C(=O)NCC(=O)N[C@@H](Cc1ccc(O)cc1)C(=O)N1CCC[C@H]1C(=O)N[C@@H](CO)C(N)=O,8.74,IC50,=,1.82,nM,CHEMBL756438,F,BAO_0000019,CHEMBL1130156,J Med Chem,1997
CHEMBL233,Mu-type opioid receptor,CHEMBL80,CHEMBL80,C=CCN1CC[C@]23c4c5ccc(O)c4O[C@H]2C(=O)CC[C@@]3(O)[C@H]1C5,8.70,IC50,=,2.0,nM,CHEMBL757060,B,BAO_0000357,CHEMBL1134447,J Med Chem,2001
CHEMBL233,Mu-type opioid receptor,CHEMBL332697,CHEMBL332697,COc1cc(/C=C/C(=O)N2CCC(n3c(O)nc4ccccc43)CC2)c([N+](=O)[O-])cc1OC,6.02,IC50,=,960.0,nM,CHEMBL757060,B,BAO_0000357,CHEMBL1134447,J Med Chem,2001
CHEMBL233,Mu-type opioid receptor,CHEMBL324297,CHEMBL324297,O=[N+]([O-])c1cc2c(cc1CN1CCC(n3c(O)nc4ccccc43)CC1)OCO2,8.82,IC50,=,1.5,nM,CHEMBL757060,B,BAO_0000357,CHEMBL1134447,J Med Chem,2001
CHEMBL233,Mu-type opioid receptor,CHEMBL115229,CHEMBL115229,O=[N+]([O-])c1cc2c(cc1CN1CC=C(n3c(O)nc4ccccc43)CC1)OCO2,7.71,IC50,=,19.3,nM,CHEMBL757060,B,BAO_0000357,CHEMBL1134447,J Med Chem,2001
CHEMBL233,Mu-type opioid receptor,CHEMBL115444,CHEMBL115444,O=C(OCc1cc2c(cc1Cl)OCO2)N1CCC(n2c(O)nc3ccccc32)CC1,6.83,IC50,=,147.0,nM,CHEMBL757060,B,BAO_0000357,CHEMBL1134447,J Med Chem,2001
CHEMBL233,Mu-type opioid receptor,CHEMBL115549,CHEMBL115549,O=C(OCc1cc2c(cc1[N+](=O)[O-])OCO2)N1CCC(n2c(O)nc3ccccc32)CC1,5.98,IC50,=,1050.0,nM,CHEMBL757060,B,BAO_0000357,CHEMBL1134447,J Med Chem,2001
CHEMBL233,Mu-type opioid receptor,CHEMBL420863,CHEMBL420863,Cc1ccc2nc(O)n(C3CCN(Cc4cc5c(cc4Cl)OCO5)CC3)c2c1,8.62,IC50,=,2.4,nM,CHEMBL757060,B,BAO_0000357,CHEMBL1134447,J Med Chem,2001
CHEMBL233,Mu-type opioid receptor,CHEMBL114280,CHEMBL114280,Oc1nc2ccccc2n1CCCNCc1cc2c(cc1Cl)OCO2,6.63,IC50,=,235.0,nM,CHEMBL757060,B,BAO_0000357,CHEMBL1134447,J Med Chem,2001
CHEMBL233,Mu-type opioid receptor,CHEMBL2096625,CHEMBL70,CN1CC[C@]23c4c5ccc(O)c4O[C@H]2[C@@H](O)C=C[C@H]3[C@H]1C5.CN1CC[C@]23c4c5ccc(O)c4O[C@H]2[C@@H](O)C=C[C@H]3[C@H]1C5.O=S(=O)(O)O,9.00,IC50,=,1.0,nM,CHEMBL757060,B,BAO_0000357,CHEMBL1134447,J Med Chem,2001
CHEMBL233,Mu-type opioid receptor,CHEMBL596,CHEMBL596,CCC(=O)N(c1ccccc1)C1CCN(CCc2ccccc2)CC1,8.89,IC50,=,1.3,nM,CHEMBL757060,B,BAO_0000357,CHEMBL1134447,J Med Chem,2001
CHEMBL233,Mu-type opioid receptor,CHEMBL325674,CHEMBL325674,O=C(OC1CCc2ccccc21)N1CCC2(CC1)C(=O)NCN2c1ccccc1,5.83,IC50,=,1470.0,nM,CHEMBL757060,B,BAO_0000357,CHEMBL1134447,J Med Chem,2001
CHEMBL233,Mu-type opioid receptor,CHEMBL419214,CHEMBL419214,Cc1ncc([N+](=O)[O-])n1CCNC(=O)N1CCC(c2cc(-c3ccc(Cl)cc3Cl)[nH]n2)CC1,5.54,IC50,=,2890.0,nM,CHEMBL757060,B,BAO_0000357,CHEMBL1134447,J Med Chem,2001
CHEMBL233,Mu-type opioid receptor,CHEMBL115222,CHEMBL115222,CNC(=O)CN1CN(c2ccccc2)C2(CCN(Cc3cc4c(cc3Cl)OCO4)CC2)C1=O,9.05,IC50,=,0.9,nM,CHEMBL757060,B,BAO_0000357,CHEMBL1134447,J Med Chem,2001
CHEMBL233,Mu-type opioid receptor,CHEMBL115284,CHEMBL115284,O=C(OCc1cc2c(cc1Cl)OCO2)N1CCC(N2C(=O)CNc3ccccc32)CC1,5.59,IC50,=,2590.0,nM,CHEMBL757060,B,BAO_0000357,CHEMBL1134447,J Med Chem,2001
CHEMBL233,Mu-type opioid receptor,CHEMBL325697,CHEMBL325697,O=C(c1cc2cc(Cl)ccc2[nH]1)N1CCN(S(=O)(=O)c2ccc([N+](=O)[O-])cc2[N+](=O)[O-])CC1,5.64,IC50,=,2285.0,nM,CHEMBL757060,B,BAO_0000357,CHEMBL1134447,J Med Chem,2001
CHEMBL233,Mu-type opioid receptor,CHEMBL325750,CHEMBL325750,O=C1NCN(c2ccccc2)C12CCN(Cc1ccc3nsnc3c1)CC2,7.60,IC50,=,24.9,nM,CHEMBL757060,B,BAO_0000357,CHEMBL1134447,J Med Chem,2001
CHEMBL233,Mu-type opioid receptor,CHEMBL2368861,CHEMBL511142,CO[C@@]12CC[C@@]3(C[C@@H]1[C@](C)(O)C(C)(C)C)[C@H]1Cc4ccc(O)c5c4[C@@]3(CCN1CC1CC1)[C@H]2O5.Cl,8.77,IC50,=,1.7,nM,CHEMBL757060,B,BAO_0000357,CHEMBL1134447,J Med Chem,2001
CHEMBL233,Mu-type opioid receptor,CHEMBL111918,CHEMBL111918,O=C(O)CN1CN(c2ccccc2)C2(CCN(C(=O)OCc3cc4c(cc3Cl)OCO4)CC2)C1=O,6.13,IC50,=,735.0,nM,CHEMBL757060,B,BAO_0000357,CHEMBL1134447,J Med Chem,2001
CHEMBL233,Mu-type opioid receptor,CHEMBL114379,CHEMBL114379,Oc1nc2ccccc2n1C1CCN(Cc2cc3c(cc2Cl)OCO3)CC1,8.92,IC50,=,1.2,nM,CHEMBL757060,B,BAO_0000357,CHEMBL1134447,J Med Chem,2001
CHEMBL233,Mu-type opioid receptor,CHEMBL324479,CHEMBL324479,COC(=O)c1csc(S(=O)(=O)N2CCN(C(=O)c3ccccc3Nc3ccccc3)CC2)c1OC,5.30,IC50,=,4955.0,nM,CHEMBL757060,B,BAO_0000357,CHEMBL1134447,J Med Chem,2001
CHEMBL233,Mu-type opioid receptor,CHEMBL607,CHEMBL607,CCOC(=O)C1(c2ccccc2)CCN(C)CC1,6.50,IC50,=,315.0,nM,CHEMBL757060,B,BAO_0000357,CHEMBL1134447,J Med Chem,2001
CHEMBL233,Mu-type opioid receptor,CHEMBL651,CHEMBL651,CCC(=O)C(CC(C)N(C)C)(c1ccccc1)c1ccccc1,8.39,IC50,=,4.1,nM,CHEMBL757060,B,BAO_0000357,CHEMBL1134447,J Med Chem,2001
CHEMBL233,Mu-type opioid receptor,CHEMBL333843,CHEMBL333843,O=C(NCCCn1c(O)nc2ccccc21)OCc1cc2c(cc1Cl)OCO2,5.61,IC50,=,2480.0,nM,CHEMBL757060,B,BAO_0000357,CHEMBL1134447,J Med Chem,2001
CHEMBL233,Mu-type opioid receptor,CHEMBL112191,CHEMBL112191,COc1ccc(CN2CCC(n3c(O)nc4ccccc43)CC2)c(Cl)c1,7.80,IC50,=,16.0,nM,CHEMBL757060,B,BAO_0000357,CHEMBL1134447,J Med Chem,2001
CHEMBL233,Mu-type opioid receptor,CHEMBL895,CHEMBL895,Oc1ccc2c3c1O[C@H]1[C@@H](O)CC[C@@]4(O)[C@@H](C2)N(CC2CCC2)CC[C@]314,9.00,IC50,=,1.0,nM,CHEMBL757060,B,BAO_0000357,CHEMBL1134447,J Med Chem,2001
CHEMBL233,Mu-type opioid receptor,CHEMBL326320,CHEMBL326320,Cc1ccc2nc(O)n(C3CCN(C(=O)OCc4cc5c(cc4Cl)OCO5)CC3)c2c1,5.91,IC50,=,1235.0,nM,CHEMBL757060,B,BAO_0000357,CHEMBL1134447,J Med Chem,2001
CHEMBL233,Mu-type opioid receptor,CHEMBL420500,CHEMBL420500,O=C(OCc1ccc2c(c1)OCO2)N1CCC2(CC1)C(=O)NCN2c1ccccc1,5.64,IC50,=,2285.0,nM,CHEMBL757060,B,BAO_0000357,CHEMBL1134447,J Med Chem,2001
CHEMBL233,Mu-type opioid receptor,CHEMBL326962,CHEMBL326962,O=C1NCN(c2ccccc2)C12CCN(Cc1ccc3c(c1)OCO3)CC2,7.78,IC50,=,16.7,nM,CHEMBL757060,B,BAO_0000357,CHEMBL1134447,J Med Chem,2001
CHEMBL233,Mu-type opioid receptor,CHEMBL369475,CHEMBL485,COc1ccc2c3c1O[C@H]1[C@@H](O)C=C[C@H]4[C@@H](C2)N(C)CC[C@@]341.O,6.28,IC50,=,520.0,nM,CHEMBL757060,B,BAO_0000357,CHEMBL1134447,J Med Chem,2001
CHEMBL233,Mu-type opioid receptor,CHEMBL115076,CHEMBL115076,O=C(OCc1cc2c(cc1Cl)OCO2)N1CCC2(CC1)C(=O)NCN2c1ccccc1,5.76,IC50,=,1730.0,nM,CHEMBL757060,B,BAO_0000357,CHEMBL1134447,J Med Chem,2001
CHEMBL233,Mu-type opioid receptor,CHEMBL1707,CHEMBL841,CN(C)C(=O)C(CCN1CCC(O)(c2ccc(Cl)cc2)CC1)(c1ccccc1)c1ccccc1.Cl,8.82,IC50,=,1.5,nM,CHEMBL757060,B,BAO_0000357,CHEMBL1134447,J Med Chem,2001
CHEMBL233,Mu-type opioid receptor,CHEMBL115280,CHEMBL115280,O=C1NCN(c2ccccc2)C12CCN(Cc1cccc(Oc3ccccc3)c1)CC2,7.08,IC50,=,83.5,nM,CHEMBL757060,B,BAO_0000357,CHEMBL1134447,J Med Chem,2001
CHEMBL233,Mu-type opioid receptor,CHEMBL325842,CHEMBL325842,O=C1CNc2ccccc2N1C1CCN(Cc2cc3c(cc2Cl)OCO3)CC1,8.20,IC50,=,6.3,nM,CHEMBL757060,B,BAO_0000357,CHEMBL1134447,J Med Chem,2001
CHEMBL233,Mu-type opioid receptor,CHEMBL115652,CHEMBL115652,O=C1NCN(c2ccccc2)C12CCN(Cc1cc3c(cc1Cl)OCO3)CC2,8.70,IC50,=,2.0,nM,CHEMBL757060,B,BAO_0000357,CHEMBL1134447,J Med Chem,2001
CHEMBL233,Mu-type opioid receptor,CHEMBL114825,CHEMBL114825,CNC(=O)CN1CN(c2ccccc2)C2(CCN(C(=O)OCc3cc4c(cc3Cl)OCO4)CC2)C1=O,6.75,IC50,=,179.0,nM,CHEMBL757060,B,BAO_0000357,CHEMBL1134447,J Med Chem,2001
CHEMBL233,Mu-type opioid receptor,CHEMBL64809,CHEMBL64809,N#Cc1cccc(-c2cccn(C(CN3CCCC3)c3ccccc3)c2=O)c1,5.37,IC50,=,4280.0,nM,CHEMBL749747,B,BAO_0000357,CHEMBL1135372,Bioorg Med Chem Lett,2002
CHEMBL233,Mu-type opioid receptor,CHEMBL146191,CHEMBL146191,Oc1nc2ccccc2n1C1CCN(CC2CCCCCCC2)CC1,6.11,IC50,=,780.0,nM,CHEMBL753179,B,BAO_0000219,CHEMBL1132115,J Med Chem,1999
CHEMBL233,Mu-type opioid receptor,CHEMBL304263,CHEMBL304263,COc1ccccc1-c1cccn(C(CN2CCCC2)c2ccccc2)c1=O,5.92,IC50,=,1200.0,nM,CHEMBL749747,B,BAO_0000357,CHEMBL1135372,Bioorg Med Chem Lett,2002
CHEMBL233,Mu-type opioid receptor,CHEMBL304404,CHEMBL304404,O=c1c(-c2ccc3ccccc3c2)cccn1C(CN1CCCC1)c1ccccc1,5.57,IC50,=,2680.0,nM,CHEMBL749747,B,BAO_0000357,CHEMBL1135372,Bioorg Med Chem Lett,2002
CHEMBL233,Mu-type opioid receptor,CHEMBL357076,CHEMBL357076,CCn1c(=O)n([C@@H]2CCN(CC3CCCCCCC3)C[C@H]2CO)c2ccccc21,5.66,IC50,=,2200.0,nM,CHEMBL749745,B,BAO_0000219,CHEMBL1132115,J Med Chem,1999
CHEMBL233,Mu-type opioid receptor,CHEMBL59995,CHEMBL59995,O=c1c(-c2ccccc2C(F)(F)F)cccn1C(CN1CCCC1)c1ccccc1,5.78,IC50,=,1680.0,nM,CHEMBL749747,B,BAO_0000357,CHEMBL1135372,Bioorg Med Chem Lett,2002
CHEMBL233,Mu-type opioid receptor,CHEMBL440765,CHEMBL440765,CN(C(=O)Cc1ccccc1)[C@H]1CC[C@@]2(CCCO2)C[C@@H]1N1CCCC1,6.61,IC50,=,248.0,nM,CHEMBL749746,B,BAO_0000357,CHEMBL1135372,Bioorg Med Chem Lett,2002
CHEMBL233,Mu-type opioid receptor,CHEMBL300616,CHEMBL300616,Oc1nc2ccccc2n1C1CCN(Cc2ccccc2)CC1,5.77,IC50,=,1700.0,nM,CHEMBL749745,B,BAO_0000219,CHEMBL1132115,J Med Chem,1999
CHEMBL233,Mu-type opioid receptor,CHEMBL61426,CHEMBL61426,O=c1c(-c2ccc(OC(F)(F)F)cc2)cccn1C(CN1CCCC1)c1ccccc1,5.96,IC50,=,1100.0,nM,CHEMBL749747,B,BAO_0000357,CHEMBL1135372,Bioorg Med Chem Lett,2002
CHEMBL233,Mu-type opioid receptor,CHEMBL146013,CHEMBL146013,CCn1c(=O)n(C2CCN(CC3CCCCCCC3)CC2)c2ccccc21,6.02,IC50,=,950.0,nM,CHEMBL753179,B,BAO_0000219,CHEMBL1132115,J Med Chem,1999
CHEMBL233,Mu-type opioid receptor,CHEMBL61212,CHEMBL61212,O=c1c(-c2ccc(Cl)c(Cl)c2)cccn1C(CN1CCCC1)c1ccccc1,5.68,IC50,=,2064.0,nM,CHEMBL749747,B,BAO_0000357,CHEMBL1135372,Bioorg Med Chem Lett,2002
CHEMBL233,Mu-type opioid receptor,CHEMBL294174,CHEMBL294174,O=c1c(-c2cccc(Cl)c2)cccn1C(CN1CCCC1)c1ccccc1,6.51,IC50,=,308.0,nM,CHEMBL749747,B,BAO_0000357,CHEMBL1135372,Bioorg Med Chem Lett,2002
CHEMBL233,Mu-type opioid receptor,CHEMBL280037,CHEMBL280037,O=c1c(-c2ccc(C(F)(F)F)cc2)cccn1C(CN1CCCC1)c1ccccc1,5.57,IC50,=,2716.0,nM,CHEMBL749747,B,BAO_0000357,CHEMBL1135372,Bioorg Med Chem Lett,2002
CHEMBL233,Mu-type opioid receptor,CHEMBL293143,CHEMBL293143,COc1ccc(Cl)cc1-c1cccn(C(CN2CCCC2)c2ccccc2)c1=O,5.91,IC50,=,1240.0,nM,CHEMBL749747,B,BAO_0000357,CHEMBL1135372,Bioorg Med Chem Lett,2002
CHEMBL233,Mu-type opioid receptor,CHEMBL60030,CHEMBL60030,O=c1c(-c2ccc(Cl)cc2)cccn1C(CN1CCCC1)c1ccccc1,5.32,IC50,=,4840.0,nM,CHEMBL749747,B,BAO_0000357,CHEMBL1135372,Bioorg Med Chem Lett,2002
CHEMBL233,Mu-type opioid receptor,CHEMBL293619,CHEMBL293619,O=c1c(-c2cccc([N+](=O)[O-])c2)cccn1C(CN1CCCC1)c1ccccc1,5.41,IC50,=,3910.0,nM,CHEMBL749747,B,BAO_0000357,CHEMBL1135372,Bioorg Med Chem Lett,2002
CHEMBL233,Mu-type opioid receptor,CHEMBL146462,CHEMBL146462,CCn1c(=O)n([C@H]2CCN(CC3CCCCCCC3)C[C@@H]2CO)c2ccccc21,5.48,IC50,=,3300.0,nM,CHEMBL749745,B,BAO_0000219,CHEMBL1132115,J Med Chem,1999
CHEMBL233,Mu-type opioid receptor,CHEMBL305552,CHEMBL305552,COc1ccc(-c2cccn(C(CN3CCCC3)c3ccccc3)c2=O)cc1,5.83,IC50,=,1464.0,nM,CHEMBL749747,B,BAO_0000357,CHEMBL1135372,Bioorg Med Chem Lett,2002
CHEMBL233,Mu-type opioid receptor,CHEMBL146054,CHEMBL146054,CC(c1ccccc1Cl)N1CCC(n2c(O)nc3ccccc32)CC1,7.37,IC50,=,43.0,nM,CHEMBL749745,B,BAO_0000219,CHEMBL1132115,J Med Chem,1999
CHEMBL233,Mu-type opioid receptor,CHEMBL64284,CHEMBL64284,COc1ccc(F)cc1-c1cccn(C(CN2CCCC2)c2ccccc2)c1=O,5.46,IC50,=,3460.0,nM,CHEMBL749747,B,BAO_0000357,CHEMBL1135372,Bioorg Med Chem Lett,2002
CHEMBL233,Mu-type opioid receptor,CHEMBL362991,CHEMBL362991,NC(=O)[C@@H]1CCCN1C(=O)[C@H](Cc1ccccc1)NC(=O)[C@@H]1CCCN1C(=O)[C@@H](N)Cc1ccc(O)cc1,6.50,IC50,=,320.0,nM,CHEMBL756578,B,BAO_0000357,CHEMBL1136639,Bioorg Med Chem Lett,2003
CHEMBL233,Mu-type opioid receptor,CHEMBL8072,CHEMBL8072,NCCCC[C@H](NC(=O)[C@H](CO)NC(=O)[C@@H]1CCCN1C(=O)[C@@H](N)Cc1ccccc1)C(=O)N1CCC[C@H]1C(=O)O,4.82,IC50,=,15000.0,nM,CHEMBL756578,B,BAO_0000357,CHEMBL1136639,Bioorg Med Chem Lett,2003
CHEMBL233,Mu-type opioid receptor,CHEMBL276502,CHEMBL276502,NCCCC[C@H](C(=O)[C@H](CO)NC(=O)[C@@H]1CCCN1C(=O)[C@@H](N)Cc1ccc(O)cc1)C(=O)N1CCC[C@H]1C(=O)N[C@H](CC(=O)O)C(=O)O,5.75,IC50,=,1800.0,nM,CHEMBL756578,B,BAO_0000357,CHEMBL1136639,Bioorg Med Chem Lett,2003
CHEMBL233,Mu-type opioid receptor,CHEMBL410260,CHEMBL410260,CC[C@H](C)[C@H](NC(=O)[C@H](Cc1ccc(O)cc1)NC(=O)[C@H](Cc1c[nH]cn1)NC(=O)[C@H](CCCN=C(N)N)NC(=O)[C@@H](N)CC(C)C)C(=O)N[C@@H](CC(N)=O)C(=O)N[C@@H](CC(C)C)C(=O)N[C@H](C(=O)N[C@H](C(=O)N[C@@H](CCCN=C(N)N)C(=O)N[C@@H](CCC(N)=O)C(=O)N[C@@H](CCCN=C(N)N)C(=O)N[C@@H](Cc1ccc(O)cc1)C(=O)O)[C@@H](C)O)[C@@H](C)CC,5.16,IC50,=,6900.0,nM,CHEMBL756578,B,BAO_0000357,CHEMBL1136639,Bioorg Med Chem Lett,2003
CHEMBL233,Mu-type opioid receptor,CHEMBL8234,CHEMBL8234,CC(C)C[C@H](NC(=O)[C@H](Cc1ccccc1)NC(=O)CNC(=O)CNC(=O)[C@@H](N)Cc1ccc(O)cc1)C(=O)O,5.02,IC50,=,9500.0,nM,CHEMBL756578,B,BAO_0000357,CHEMBL1136639,Bioorg Med Chem Lett,2003
CHEMBL233,Mu-type opioid receptor,CHEMBL428276,CHEMBL428276,CC[C@H](C)[C@H](NC(=O)[C@H](Cc1ccc(O)cc1)NC(=O)[C@H](Cc1c[nH]cn1)NC(=O)[C@H](CCCN=C(N)N)NC(=O)[C@H](CC(C)C)NC(=O)[C@H](C)NC(=O)[C@@H](N)CO)C(=O)N[C@@H](CC(N)=O)C(=O)N[C@@H](CC(C)C)C(=O)N[C@H](C(=O)N[C@H](C(=O)N[C@@H](CCCN=C(N)N)C(=O)N[C@@H](CCC(N)=O)C(=O)N[C@@H](CCCN=C(N)N)C(=O)N[C@@H](Cc1ccc(O)cc1)C(=O)O)[C@@H](C)O)[C@@H](C)CC,5.00,IC50,=,10000.0,nM,CHEMBL756578,B,BAO_0000357,CHEMBL1136639,Bioorg Med Chem Lett,2003
CHEMBL233,Mu-type opioid receptor,CHEMBL144261,CHEMBL144261,c1ccc(C2(c3ccccc3)CCNCC2)cc1,4.77,IC50,=,17000.0,nM,CHEMBL874639,B,BAO_0000357,CHEMBL1132477,J Med Chem,1999
CHEMBL233,Mu-type opioid receptor,CHEMBL144894,CHEMBL144894,Cc1cc(C)cc(C2(c3cc(C)cc(C)c3)CCNCC2)c1,4.57,IC50,=,27000.0,nM,CHEMBL874639,B,BAO_0000357,CHEMBL1132477,J Med Chem,1999
CHEMBL233,Mu-type opioid receptor,CHEMBL344967,CHEMBL344967,Cc1ccc(C2(c3ccccc3C)CCNCC2)cc1,5.22,IC50,=,6000.0,nM,CHEMBL874639,B,BAO_0000357,CHEMBL1132477,J Med Chem,1999
CHEMBL233,Mu-type opioid receptor,CHEMBL1052,CHEMBL1052,CCOC(=O)C1(c2ccccc2)CCNCC1,5.96,IC50,=,1100.0,nM,CHEMBL874639,B,BAO_0000357,CHEMBL1132477,J Med Chem,1999
CHEMBL233,Mu-type opioid receptor,CHEMBL485,CHEMBL485,COc1ccc2c3c1O[C@H]1[C@@H](O)C=C[C@H]4[C@@H](C2)N(C)CC[C@@]341,6.98,IC50,=,105.0,nM,CHEMBL753178,B,BAO_0000219,CHEMBL1145019,J Med Chem,2003
CHEMBL233,Mu-type opioid receptor,CHEMBL3707097,CHEMBL3707097,Brc1ccc2c(c1)[C@H]1c3cc(Br)ccc3[C@H](C2)N2CCC[C@@H]12,6.30,IC50,=,500.0,nM,CHEMBL753178,B,BAO_0000219,CHEMBL1145019,J Med Chem,2003
CHEMBL233,Mu-type opioid receptor,CHEMBL592,CHEMBL592,CN1CC[C@]23CCCC[C@H]2[C@H]1Cc1ccc(O)cc13,9.89,IC50,=,0.13,nM,CHEMBL753178,B,BAO_0000219,CHEMBL1145019,J Med Chem,2003
CHEMBL233,Mu-type opioid receptor,CHEMBL3707102,CHEMBL3707102,C[C@@H]1[C@H]2c3cc(NCc4ccccc4)ccc3C[C@@H](c3ccc(NCc4ccccc4)cc32)N1C,8.10,IC50,=,8.0,nM,CHEMBL753178,B,BAO_0000219,CHEMBL1145019,J Med Chem,2003
CHEMBL233,Mu-type opioid receptor,CHEMBL3707078,CHEMBL3707078,Fc1ccc2c(c1)[C@H]1c3cc(F)ccc3[C@H](C2)N2CCC[C@@H]12,6.99,IC50,=,103.0,nM,CHEMBL753178,B,BAO_0000219,CHEMBL1145019,J Med Chem,2003
CHEMBL233,Mu-type opioid receptor,CHEMBL3706646,CHEMBL3706646,C[C@H]1[C@@H]2c3ccccc3C[C@H](c3ccccc32)N1CCO,6.12,IC50,=,764.0,nM,CHEMBL753178,B,BAO_0000219,CHEMBL1145019,J Med Chem,2003
CHEMBL233,Mu-type opioid receptor,CHEMBL3707100,CHEMBL3707100,C[C@@H]1[C@H]2c3ccccc3C[C@@H](c3ccccc32)N1C,6.64,IC50,=,230.0,nM,CHEMBL753178,B,BAO_0000219,CHEMBL1145019,J Med Chem,2003
CHEMBL233,Mu-type opioid receptor,CHEMBL3707076,CHEMBL3707076,Brc1ccc(CNc2ccc3c(c2)[C@H]2c4cc(NCc5ccc(Br)cc5)ccc4[C@H](C3)N3CCC[C@@H]23)cc1,6.92,IC50,=,120.0,nM,CHEMBL753178,B,BAO_0000219,CHEMBL1145019,J Med Chem,2003
CHEMBL233,Mu-type opioid receptor,CHEMBL3707093,CHEMBL3707093,C[C@@H]1[C@H]2c3cc(N4CCOCC4)ccc3C[C@@H](c3ccc(N4CCOCC4)cc32)N1C,6.16,IC50,=,690.0,nM,CHEMBL753178,B,BAO_0000219,CHEMBL1145019,J Med Chem,2003
CHEMBL233,Mu-type opioid receptor,CHEMBL2112842,CHEMBL2112842,CC(C)C[C@H]1[C@H]2c3ccccc3C[C@H](c3ccccc32)N1C,6.00,IC50,=,1010.0,nM,CHEMBL753178,B,BAO_0000219,CHEMBL1145019,J Med Chem,2003
CHEMBL233,Mu-type opioid receptor,CHEMBL3707098,CHEMBL3707098,C[C@@H]1[C@H]2c3ccccc3C[C@@H](c3ccccc32)N1CC1CC1,5.97,IC50,=,1080.0,nM,CHEMBL753178,B,BAO_0000219,CHEMBL1145019,J Med Chem,2003
CHEMBL233,Mu-type opioid receptor,CHEMBL3707081,CHEMBL3707081,CC(=O)Oc1ccc2c(c1)[C@H]1c3cc(OC(C)=O)ccc3[C@H](C2)N(C)[C@@H]1C,6.70,IC50,=,200.0,nM,CHEMBL753178,B,BAO_0000219,CHEMBL1145019,J Med Chem,2003
CHEMBL233,Mu-type opioid receptor,CHEMBL3706645,CHEMBL3706645,C[C@H]1[C@@H]2c3ccccc3C[C@H](c3ccccc32)N1CO,6.39,IC50,=,404.0,nM,CHEMBL753178,B,BAO_0000219,CHEMBL1145019,J Med Chem,2003
CHEMBL233,Mu-type opioid receptor,CHEMBL3707088,CHEMBL3707088,C[C@@H]1[C@H]2c3cc(N4CCN(C)CC4)ccc3C[C@@H](c3ccc(N4CCN(C)CC4)cc32)N1CC1CC1,6.16,IC50,=,690.0,nM,CHEMBL753178,B,BAO_0000219,CHEMBL1145019,J Med Chem,2003
CHEMBL233,Mu-type opioid receptor,CHEMBL3707077,CHEMBL3707077,CC(=O)Oc1ccc2c(c1)[C@H]1c3cc(OC(C)=O)ccc3[C@H](C2)N2CCC[C@@H]12,6.66,IC50,=,220.0,nM,CHEMBL753178,B,BAO_0000219,CHEMBL1145019,J Med Chem,2003
CHEMBL233,Mu-type opioid receptor,CHEMBL3707096,CHEMBL3707096,COc1ccc2c(c1)[C@H]1c3cc(OC)ccc3[C@H](C2)N2CCC[C@@H]12,6.80,IC50,=,160.0,nM,CHEMBL753178,B,BAO_0000219,CHEMBL1145019,J Med Chem,2003
CHEMBL233,Mu-type opioid receptor,CHEMBL2112835,CHEMBL2112835,CN1[C@@H]2Cc3ccccc3[C@@H](c3ccccc32)[C@@H]1CCCO,5.94,IC50,=,1150.0,nM,CHEMBL753178,B,BAO_0000219,CHEMBL1145019,J Med Chem,2003
CHEMBL233,Mu-type opioid receptor,CHEMBL2112838,CHEMBL2112838,C[C@H]1[C@H]2c3ccccc3C[C@H](c3ccccc32)N1C,6.21,IC50,=,611.0,nM,CHEMBL753178,B,BAO_0000219,CHEMBL1145019,J Med Chem,2003
CHEMBL233,Mu-type opioid receptor,CHEMBL3707099,CHEMBL3707099,C=CCN1[C@H](C)[C@H]2c3ccccc3C[C@H]1c1ccccc12,5.70,IC50,=,2000.0,nM,CHEMBL753178,B,BAO_0000219,CHEMBL1145019,J Med Chem,2003
CHEMBL233,Mu-type opioid receptor,CHEMBL3706637,CHEMBL3706637,c1ccc2c(c1)C[C@@H]1c3ccccc3[C@H]2[C@@H]2CCCCN12,6.41,IC50,=,390.0,nM,CHEMBL753178,B,BAO_0000219,CHEMBL1145019,J Med Chem,2003
CHEMBL233,Mu-type opioid receptor,CHEMBL3707094,CHEMBL3707094,C[C@@H]1[C@H]2c3cc(N4CCN(C)CC4)ccc3C[C@@H](c3ccc(N4CCN(C)CC4)cc32)N1C,7.28,IC50,=,53.0,nM,CHEMBL753178,B,BAO_0000219,CHEMBL1145019,J Med Chem,2003
CHEMBL233,Mu-type opioid receptor,CHEMBL2112841,CHEMBL2112841,CN1[C@@H]2Cc3ccccc3[C@@H](c3ccccc32)[C@@H]1Cc1ccccc1,5.98,IC50,=,1050.0,nM,CHEMBL753178,B,BAO_0000219,CHEMBL1145019,J Med Chem,2003
CHEMBL233,Mu-type opioid receptor,CHEMBL3707086,CHEMBL3707086,C[C@@H]1[C@H]2c3cc(Br)ccc3C[C@@H](c3ccc(Br)cc32)N1C,6.44,IC50,=,360.0,nM,CHEMBL753178,B,BAO_0000219,CHEMBL1145019,J Med Chem,2003
CHEMBL233,Mu-type opioid receptor,CHEMBL3707089,CHEMBL3707089,C[C@@H]1[C@H]2c3cc(NCc4ccccc4)ccc3C[C@@H](c3ccc(NCc4ccccc4)cc32)N1CC1CC1,8.15,IC50,=,7.0,nM,CHEMBL753178,B,BAO_0000219,CHEMBL1145019,J Med Chem,2003
CHEMBL233,Mu-type opioid receptor,CHEMBL3707083,CHEMBL3707083,C[C@@H]1[C@H]2c3cc(O)ccc3C[C@@H](c3ccc(O)cc32)N1C,7.80,IC50,=,16.0,nM,CHEMBL753178,B,BAO_0000219,CHEMBL1145019,J Med Chem,2003
CHEMBL233,Mu-type opioid receptor,CHEMBL3707095,CHEMBL3707095,C[C@@H]1[C@H]2c3cc(Nc4ccccc4)ccc3C[C@@H](c3ccc(Nc4ccccc4)cc32)N1C,7.25,IC50,=,56.0,nM,CHEMBL753178,B,BAO_0000219,CHEMBL1145019,J Med Chem,2003
CHEMBL233,Mu-type opioid receptor,CHEMBL3707080,CHEMBL3707080,CC(=O)Oc1ccc2c(c1)[C@H]1c3cc(OC(C)=O)ccc3[C@H](C2)N(CC2CC2)[C@@H]1C,7.36,IC50,=,44.0,nM,CHEMBL753178,B,BAO_0000219,CHEMBL1145019,J Med Chem,2003
CHEMBL233,Mu-type opioid receptor,CHEMBL3707103,CHEMBL3707103,C[C@@H]1[C@H]2c3cc(Nc4ccccc4)ccc3C[C@@H](c3ccc(Nc4ccccc4)cc32)N1CC1CC1,7.09,IC50,=,82.0,nM,CHEMBL753178,B,BAO_0000219,CHEMBL1145019,J Med Chem,2003
CHEMBL233,Mu-type opioid receptor,CHEMBL70,CHEMBL70,CN1CC[C@]23c4c5ccc(O)c4O[C@H]2[C@@H](O)C=C[C@H]3[C@H]1C5,9.24,IC50,=,0.57,nM,CHEMBL753178,B,BAO_0000219,CHEMBL1145019,J Med Chem,2003
CHEMBL233,Mu-type opioid receptor,CHEMBL3707082,CHEMBL3707082,C[C@@H]1[C@H]2c3cc(O)ccc3C[C@@H](c3ccc(O)cc32)N1CC1CC1,8.19,IC50,=,6.4,nM,CHEMBL753178,B,BAO_0000219,CHEMBL1145019,J Med Chem,2003
CHEMBL233,Mu-type opioid receptor,CHEMBL3707087,CHEMBL3707087,c1ccc2c(c1)C[C@H]1c3ccccc3[C@H]2[C@@H]2CCCN12,7.23,IC50,=,59.0,nM,CHEMBL753178,B,BAO_0000219,CHEMBL1145019,J Med Chem,2003
CHEMBL233,Mu-type opioid receptor,CHEMBL2112843,CHEMBL2112843,CC(C)[C@H]1[C@H]2c3ccccc3C[C@H](c3ccccc32)N1C,6.16,IC50,=,695.0,nM,CHEMBL753178,B,BAO_0000219,CHEMBL1145019,J Med Chem,2003
CHEMBL233,Mu-type opioid receptor,CHEMBL2112844,CHEMBL2112844,C[C@H]1N[C@@H]2Cc3ccccc3[C@H]1c1ccccc12,6.19,IC50,=,650.0,nM,CHEMBL753178,B,BAO_0000219,CHEMBL1145019,J Med Chem,2003
CHEMBL233,Mu-type opioid receptor,CHEMBL3707084,CHEMBL3707084,COc1ccc2c(c1)[C@H]1c3cc(OC)ccc3[C@H](C2)N(C)[C@@H]1C,6.38,IC50,=,420.0,nM,CHEMBL753178,B,BAO_0000219,CHEMBL1145019,J Med Chem,2003
CHEMBL233,Mu-type opioid receptor,CHEMBL3707101,CHEMBL3707101,COc1ccc2c(c1)[C@H]1c3cc(OC)ccc3[C@H](C2)N(CC2CC2)[C@@H]1C,5.99,IC50,=,1030.0,nM,CHEMBL753178,B,BAO_0000219,CHEMBL1145019,J Med Chem,2003
CHEMBL233,Mu-type opioid receptor,CHEMBL3707075,CHEMBL3707075,Oc1ccc2c(c1)[C@H]1c3cc(O)ccc3[C@H](C2)N2CCC[C@@H]12,6.89,IC50,=,130.0,nM,CHEMBL753178,B,BAO_0000219,CHEMBL1145019,J Med Chem,2003
CHEMBL233,Mu-type opioid receptor,CHEMBL3707085,CHEMBL3707085,C[C@@H]1[C@H]2c3cc(Br)ccc3C[C@@H](c3ccc(Br)cc32)N1CC1CC1,5.69,IC50,=,2050.0,nM,CHEMBL753178,B,BAO_0000219,CHEMBL1145019,J Med Chem,2003
CHEMBL233,Mu-type opioid receptor,CHEMBL91760,CHEMBL91760,C[C@@H](NC(=O)[C@@H](N)Cc1ccc(O)cc1)C(=O)NCC(=O)N[C@@H](Cc1ccccc1)C(=O)NN,8.33,IC50,=,4.7,nM,CHEMBL744603,B,BAO_0000357,CHEMBL1131989,Bioorg Med Chem Lett,1999
CHEMBL233,Mu-type opioid receptor,CHEMBL319822,CHEMBL319822,C[C@@H](NC(=O)[C@@H](N)Cc1ccc(O)cc1)C(=O)NCC(=O)N[C@@H](Cc1c[nH]c2ccccc12)C(=O)NNC(=O)[C@H](N)Cc1ccccc1,8.08,IC50,=,8.3,nM,CHEMBL744603,B,BAO_0000357,CHEMBL1131989,Bioorg Med Chem Lett,1999
CHEMBL233,Mu-type opioid receptor,CHEMBL424328,CHEMBL424328,O=C(CCCCCCCCCCC(=O)Oc1ccc2c(c1)[C@@]13CCCC[C@H]1[C@@H](C2)N(CC1CCC1)CC3)Oc1ccc2c(c1)[C@@]13CCCC[C@H]1[C@@H](C2)N(CC1CCC1)CC3,7.00,IC50,=,100.0,nM,CHEMBL754564,B,BAO_0000019,CHEMBL1145905,J Med Chem,2003
CHEMBL233,Mu-type opioid receptor,CHEMBL146756,CHEMBL146756,O=C(/C=C/C(=O)Oc1ccc2c(c1)[C@@]13CCCC[C@H]1[C@@H](C2)N(CC1CCC1)CC3)Oc1ccc2c(c1)[C@@]13CCCC[C@H]1[C@@H](C2)N(CC1CCC1)CC3,6.21,IC50,=,610.0,nM,CHEMBL754564,B,BAO_0000019,CHEMBL1145905,J Med Chem,2003
CHEMBL233,Mu-type opioid receptor,CHEMBL405131,CHEMBL405131,O=C(CCCCCCC(=O)Oc1ccc2c(c1)[C@@]13CCCC[C@H]1[C@@H](C2)N(CC1CCC1)CC3)Oc1ccc2c(c1)[C@@]13CCCC[C@H]1[C@@H](C2)N(CC1CCC1)CC3,7.05,IC50,=,90.0,nM,CHEMBL754564,B,BAO_0000019,CHEMBL1145905,J Med Chem,2003
CHEMBL233,Mu-type opioid receptor,CHEMBL200199,CHEMBL200199,C[C@@H](NC(=O)[C@@H](N)Cc1ccc(O)cc1)C(=O)NCC(=O)N[C@@H](Cc1ccccc1)C(=O)NNC(=O)[C@H](Cc1ccccc1)NC(=O)CNC(=O)[C@@H](C)NC(=O)[C@@H](N)Cc1ccc(O)cc1,8.85,IC50,=,1.4,nM,CHEMBL744603,B,BAO_0000357,CHEMBL1131989,Bioorg Med Chem Lett,1999
CHEMBL233,Mu-type opioid receptor,CHEMBL413512,CHEMBL413512,O=C(CCC(=O)Oc1ccc2c(c1)[C@@]13CCCC[C@H]1[C@@H](C2)N(CC1CC1)CC3)Oc1ccc2c(c1)[C@@]13CCCC[C@H]1[C@@H](C2)N(CC1CC1)CC3,8.74,IC50,=,1.8,nM,CHEMBL754564,B,BAO_0000019,CHEMBL1145905,J Med Chem,2003
CHEMBL233,Mu-type opioid receptor,CHEMBL357334,CHEMBL357334,COC(=O)CCCCCCCCC(=O)Oc1ccc2c(c1)[C@@]13CCCC[C@H]1[C@@H](C2)N(CC1CCC1)CC3,6.89,IC50,=,130.0,nM,CHEMBL754564,B,BAO_0000019,CHEMBL1145905,J Med Chem,2003
CHEMBL233,Mu-type opioid receptor,CHEMBL358104,CHEMBL358104,O=C(CCCCCCCCC(=O)Oc1ccc2c(c1)[C@@]13CCCC[C@H]1[C@@H](C2)N(CC1CC1)CC3)Oc1ccc2c(c1)[C@@]13CCCC[C@H]1[C@@H](C2)N(CC1CC1)CC3,7.05,IC50,=,90.0,nM,CHEMBL754564,B,BAO_0000019,CHEMBL1145905,J Med Chem,2003
CHEMBL233,Mu-type opioid receptor,CHEMBL92286,CHEMBL92286,C[C@@H](NC(=O)[C@@H](N)Cc1ccc(O)cc1)C(=O)NCC(=O)N[C@@H](Cc1ccccc1)C(=O)NNC(=O)[C@H](N)Cc1c[nH]c2ccccc12,8.70,IC50,=,2.0,nM,CHEMBL744603,B,BAO_0000357,CHEMBL1131989,Bioorg Med Chem Lett,1999
CHEMBL233,Mu-type opioid receptor,CHEMBL147511,CHEMBL147511,O=C(CCCCCCCCC(=O)Oc1ccc2c(c1)[C@@]13CCCC[C@H]1[C@@H](C2)N(CC1CCC1)CC3)Oc1ccc2c(c1)[C@@]13CCCC[C@H]1[C@@H](C2)N(CC1CCC1)CC3,7.80,IC50,=,16.0,nM,CHEMBL754564,B,BAO_0000019,CHEMBL1145905,J Med Chem,2003
CHEMBL233,Mu-type opioid receptor,CHEMBL214929,CHEMBL214929,CCCC[C@@H](N)C(=O)NNC(=O)[C@H](Cc1ccccc1)NC(=O)CNC(=O)[C@@H](C)NC(=O)[C@@H](N)Cc1ccc(O)cc1,8.23,IC50,=,5.9,nM,CHEMBL744603,B,BAO_0000357,CHEMBL1131989,Bioorg Med Chem Lett,1999
CHEMBL233,Mu-type opioid receptor,CHEMBL49269,CHEMBL49269,Oc1ccc2c(c1)[C@@]13CCCC[C@H]1[C@@H](C2)N(CC1CC1)CC3,8.77,IC50,=,1.7,nM,CHEMBL754564,B,BAO_0000019,CHEMBL1145905,J Med Chem,2003
CHEMBL233,Mu-type opioid receptor,CHEMBL328443,CHEMBL328443,CCCC[C@H](N)C(=O)NNC(=O)[C@H](Cc1ccccc1)NC(=O)CNC(=O)[C@@H](C)NC(=O)[C@@H](N)Cc1ccc(O)cc1,8.89,IC50,=,1.3,nM,CHEMBL744603,B,BAO_0000357,CHEMBL1131989,Bioorg Med Chem Lett,1999
CHEMBL233,Mu-type opioid receptor,CHEMBL433697,CHEMBL433697,O=C(CCC(=O)Oc1ccc2c(c1)[C@@]13CCCC[C@H]1[C@@H](C2)N(CC1CCC1)CC3)Oc1ccc2c(c1)[C@@]13CCCC[C@H]1[C@@H](C2)N(CC1CCC1)CC3,6.77,IC50,=,170.0,nM,CHEMBL754564,B,BAO_0000019,CHEMBL1145905,J Med Chem,2003
CHEMBL233,Mu-type opioid receptor,CHEMBL432041,CHEMBL432041,C[C@@H](NC(=O)[C@@H](N)Cc1ccc(O)cc1)C(=O)NCC(=O)N[C@@H](Cc1ccccc1)C(=O)NNC(=O)[C@H](N)Cc1ccc(O)cc1,8.80,IC50,=,1.6,nM,CHEMBL744603,B,BAO_0000357,CHEMBL1131989,Bioorg Med Chem Lett,1999
CHEMBL233,Mu-type opioid receptor,CHEMBL328902,CHEMBL328902,C[C@@H](NC(=O)[C@@H](N)Cc1ccc(O)cc1)C(=O)NCC(=O)N[C@@H](Cc1ccccc1)C(=O)NNC(=O)[C@H](N)Cc1ccccc1,9.13,IC50,=,0.74,nM,CHEMBL744603,B,BAO_0000357,CHEMBL1131989,Bioorg Med Chem Lett,1999
CHEMBL233,Mu-type opioid receptor,CHEMBL92503,CHEMBL92503,C[C@@H](NC(=O)[C@@H](N)Cc1ccc(O)cc1)C(=O)NCC(=O)N[C@@H](Cc1ccccc1)C(=O)NNC(=O)[C@@H](N)Cc1ccccc1,9.06,IC50,=,0.88,nM,CHEMBL744603,B,BAO_0000357,CHEMBL1131989,Bioorg Med Chem Lett,1999
CHEMBL233,Mu-type opioid receptor,CHEMBL346436,CHEMBL346436,O=C(CCCCCCCC(=O)Oc1ccc2c(c1)[C@@]13CCCC[C@H]1[C@@H](C2)N(CC1CCC1)CC3)Oc1ccc2c(c1)[C@@]13CCCC[C@H]1[C@@H](C2)N(CC1CCC1)CC3,6.44,IC50,=,360.0,nM,CHEMBL754564,B,BAO_0000019,CHEMBL1145905,J Med Chem,2003
CHEMBL233,Mu-type opioid receptor,CHEMBL133719,CHEMBL133719,Cc1cc(O)cc(C)c1[C@H](C)[C@H](N)C(=O)N[C@H](C(=O)NCC(=O)N[C@@H](Cc1ccccc1)C(=O)N[C@H](C(=O)O)C(C)(C)S)C(C)(C)S,6.14,IC50,=,720.0,nM,CHEMBL756439,B,BAO_0000357,CHEMBL1145107,J Med Chem,2003
CHEMBL233,Mu-type opioid receptor,CHEMBL134652,CHEMBL134652,Cc1cc(O)cc(C)c1[C@@H](C)[C@@H](N)C(=O)N[C@H](C(=O)NCC(=O)N[C@@H](Cc1ccccc1)C(=O)N[C@H](C(=O)O)C(C)(C)S)C(C)(C)S,4.11,IC50,=,77000.0,nM,CHEMBL756439,B,BAO_0000357,CHEMBL1145107,J Med Chem,2003
CHEMBL233,Mu-type opioid receptor,CHEMBL31421,CHEMBL31421,CC1(C)SSC(C)(C)[C@@H](NC(=O)[C@@H](N)Cc2ccc(O)cc2)C(=O)NCC(=O)N[C@@H](Cc2ccccc2)C(=O)N[C@H]1C(=O)O,6.21,IC50,=,610.0,nM,CHEMBL756439,B,BAO_0000357,CHEMBL1145107,J Med Chem,2003
CHEMBL233,Mu-type opioid receptor,CHEMBL334369,CHEMBL334369,Cc1cc(O)cc(C)c1[C@@H](C)[C@H](N)C(=O)N[C@H](C(=O)NCC(=O)N[C@@H](Cc1ccccc1)C(=O)N[C@H](C(=O)O)C(C)(C)S)C(C)(C)S,5.37,IC50,=,4300.0,nM,CHEMBL756439,B,BAO_0000357,CHEMBL1145107,J Med Chem,2003
CHEMBL233,Mu-type opioid receptor,CHEMBL38874,CHEMBL38874,C[C@@H](NC(=O)[C@@H](N)Cc1ccc(O)cc1)C(=O)NCC(=O)N(C)[C@@H](Cc1ccccc1)C(=O)NCCO,8.80,IC50,=,1.6,nM,CHEMBL872833,B,BAO_0000357,CHEMBL1135899,J Med Chem,2002
CHEMBL233,Mu-type opioid receptor,CHEMBL127761,CHEMBL127761,CCN(CC)C(=O)c1ccc(C(c2cccc3c2OC(C)(C)C3)N2CCNCC2)cc1,6.11,IC50,=,785.0,nM,CHEMBL749744,B,BAO_0000357,CHEMBL1133468,J Med Chem,2000
CHEMBL233,Mu-type opioid receptor,CHEMBL24035,CHEMBL24035,C=CCN1CCN(C(c2ccccc2)c2ccc(C(=O)N(CC)CC)cc2)CC1,5.30,IC50,=,5064.0,nM,CHEMBL749744,B,BAO_0000357,CHEMBL1133468,J Med Chem,2000
CHEMBL233,Mu-type opioid receptor,CHEMBL127434,CHEMBL127434,CCN(CC)C(=O)c1ccc(C(c2cccc(OC)c2)N2CC(C)(C)NCC2C)cc1,6.21,IC50,=,620.0,nM,CHEMBL749744,B,BAO_0000357,CHEMBL1133468,J Med Chem,2000
CHEMBL233,Mu-type opioid receptor,CHEMBL336234,CHEMBL336234,C[C@H]1CN(CCc2ccccc2)CC[C@@]1(C)c1cccc(C(N)=O)c1,8.72,IC50,=,1.9,nM,CHEMBL754686,F,BAO_0000019,CHEMBL1136497,Bioorg Med Chem Lett,2003
CHEMBL233,Mu-type opioid receptor,CHEMBL128006,CHEMBL128006,CCN(CC)C(=O)c1ccc(C(c2ccc(Cl)cc2)N2CCNCC2)cc1,5.27,IC50,=,5330.0,nM,CHEMBL749744,B,BAO_0000357,CHEMBL1133468,J Med Chem,2000
CHEMBL233,Mu-type opioid receptor,CHEMBL123679,CHEMBL123679,CCCCN1CCN(C(c2ccccc2)c2ccc(C(=O)N(CC)CC)cc2)CC1,6.31,IC50,=,486.0,nM,CHEMBL749744,B,BAO_0000357,CHEMBL1133468,J Med Chem,2000
CHEMBL233,Mu-type opioid receptor,CHEMBL25230,CHEMBL25230,C=CCN1C[C@H](C)N([C@H](c2ccc(C(=O)N(CC)CC)cc2)c2cccc(O)c2)C[C@H]1C,8.68,IC50,=,2.1,nM,CHEMBL749744,B,BAO_0000357,CHEMBL1133468,J Med Chem,2000
CHEMBL233,Mu-type opioid receptor,CHEMBL138036,CHEMBL138036,C[C@H]1CN(CCc2ccccc2)CC[C@@]1(C)c1cccc(CO)c1,8.68,IC50,=,2.1,nM,CHEMBL754686,F,BAO_0000019,CHEMBL1136497,Bioorg Med Chem Lett,2003
CHEMBL233,Mu-type opioid receptor,CHEMBL136421,CHEMBL136421,CNC(=O)c1cccc([C@]2(C)CCN(CCc3ccccc3)C[C@@H]2C)c1,7.62,IC50,=,24.0,nM,CHEMBL754686,F,BAO_0000019,CHEMBL1136497,Bioorg Med Chem Lett,2003
CHEMBL233,Mu-type opioid receptor,CHEMBL80,CHEMBL80,C=CCN1CC[C@]23c4c5ccc(O)c4O[C@H]2C(=O)CC[C@@]3(O)[C@H]1C5,8.14,IC50,=,7.3,nM,CHEMBL754686,F,BAO_0000019,CHEMBL1136497,Bioorg Med Chem Lett,2003
CHEMBL233,Mu-type opioid receptor,CHEMBL125742,CHEMBL125742,CCN(CC)C(=O)c1ccc(C(c2cccc(OC)c2)N2CCNCC2)cc1,5.28,IC50,=,5290.0,nM,CHEMBL749744,B,BAO_0000357,CHEMBL1133468,J Med Chem,2000
CHEMBL233,Mu-type opioid receptor,CHEMBL338436,CHEMBL338436,CCN(CC)C(=O)c1ccc(C(c2ccccc2)N(C)CCNC)cc1,5.16,IC50,=,6970.0,nM,CHEMBL749744,B,BAO_0000357,CHEMBL1133468,J Med Chem,2000
CHEMBL233,Mu-type opioid receptor,CHEMBL340834,CHEMBL340834,CCN(CC)C(=O)c1ccc(C(c2cccc(F)c2)N2CCNCC2)cc1,5.25,IC50,=,5647.0,nM,CHEMBL749744,B,BAO_0000357,CHEMBL1133468,J Med Chem,2000
CHEMBL233,Mu-type opioid receptor,CHEMBL126819,CHEMBL126819,CCN(CC)C(=O)c1ccc(C(c2ccc3cccnc3c2)N2CCNCC2)cc1,5.99,IC50,=,1016.0,nM,CHEMBL749744,B,BAO_0000357,CHEMBL1133468,J Med Chem,2000
CHEMBL233,Mu-type opioid receptor,CHEMBL127638,CHEMBL127638,CCN(CC)C(=O)c1ccc(C(c2ccc(OC)cc2)N2CCNCC2)cc1,5.34,IC50,=,4538.0,nM,CHEMBL749744,B,BAO_0000357,CHEMBL1133468,J Med Chem,2000
CHEMBL233,Mu-type opioid receptor,CHEMBL434817,CHEMBL434817,CCN(CC)C(=O)c1ccc(C(c2cccc(OC)c2)N2CC(C)NCC2(C)C)cc1,6.55,IC50,=,284.0,nM,CHEMBL749744,B,BAO_0000357,CHEMBL1133468,J Med Chem,2000
CHEMBL233,Mu-type opioid receptor,CHEMBL126223,CHEMBL126223,CCN(CC)C(=O)c1ccc(C(c2ccc3ccccc3c2)N2CCNCC2)cc1,5.57,IC50,=,2677.0,nM,CHEMBL749744,B,BAO_0000357,CHEMBL1133468,J Med Chem,2000
CHEMBL233,Mu-type opioid receptor,CHEMBL338980,CHEMBL338980,CCN(CC)C(=O)c1ccc(C(c2ccccc2)N2CCNCC2)cc1,5.09,IC50,=,8150.0,nM,CHEMBL749744,B,BAO_0000357,CHEMBL1133468,J Med Chem,2000
CHEMBL233,Mu-type opioid receptor,CHEMBL129420,CHEMBL129420,CCN(CC)C(=O)c1ccc(C(c2cccc3cccnc23)N2CCNCC2)cc1,6.20,IC50,=,632.0,nM,CHEMBL749744,B,BAO_0000357,CHEMBL1133468,J Med Chem,2000
CHEMBL233,Mu-type opioid receptor,CHEMBL128005,CHEMBL128005,CCN(CC)C(=O)c1ccc(C(c2ccc(C)cc2)N2CCNCC2)cc1,5.15,IC50,=,7092.0,nM,CHEMBL749744,B,BAO_0000357,CHEMBL1133468,J Med Chem,2000
CHEMBL233,Mu-type opioid receptor,CHEMBL2112649,CHEMBL2112649,CCN(CC)C(=O)c1ccc(C(c2ccc3cc[nH]c3c2)N2CCNCC2)cc1,5.65,IC50,=,2222.0,nM,CHEMBL749744,B,BAO_0000357,CHEMBL1133468,J Med Chem,2000
CHEMBL233,Mu-type opioid receptor,CHEMBL127507,CHEMBL127507,CCN(CC)C(=O)c1ccc(C(c2ccccc2)N2CCCNCC2)cc1,5.64,IC50,=,2290.0,nM,CHEMBL749744,B,BAO_0000357,CHEMBL1133468,J Med Chem,2000
CHEMBL233,Mu-type opioid receptor,CHEMBL125734,CHEMBL125734,CCN(CC)C(=O)c1ccc(C(c2cccc3ccccc23)N2CCNCC2)cc1,6.11,IC50,=,777.0,nM,CHEMBL749744,B,BAO_0000357,CHEMBL1133468,J Med Chem,2000
CHEMBL233,Mu-type opioid receptor,CHEMBL340724,CHEMBL340724,CCN(CC)C(=O)c1ccc(C(C2CCCCC2)N2CCNCC2)cc1,6.73,IC50,=,185.0,nM,CHEMBL749744,B,BAO_0000357,CHEMBL1133468,J Med Chem,2000
CHEMBL233,Mu-type opioid receptor,CHEMBL319536,CHEMBL319536,C[C@H]1CN(CCc2ccccc2)CC[C@@]1(C)c1cccc(O)c1,8.70,IC50,=,2.0,nM,CHEMBL754686,F,BAO_0000019,CHEMBL1136497,Bioorg Med Chem Lett,2003
CHEMBL233,Mu-type opioid receptor,CHEMBL126366,CHEMBL126366,CCN(CC)C(=O)c1ccc(C(c2cccc3cnccc23)N2CCNCC2)cc1,5.83,IC50,=,1477.0,nM,CHEMBL749744,B,BAO_0000357,CHEMBL1133468,J Med Chem,2000
CHEMBL233,Mu-type opioid receptor,CHEMBL138750,CHEMBL138750,CC(=O)Nc1cccc([C@]2(C)CCN(CCc3ccccc3)C[C@@H]2C)c1,7.80,IC50,=,16.0,nM,CHEMBL754686,F,BAO_0000019,CHEMBL1136497,Bioorg Med Chem Lett,2003
CHEMBL233,Mu-type opioid receptor,CHEMBL13470,CHEMBL13470,C=CCN1C[C@H](C)N([C@H](c2ccc(C(=O)N(CC)CC)cc2)c2cccc(OC)c2)C[C@H]1C,6.50,IC50,=,320.0,nM,CHEMBL749744,B,BAO_0000357,CHEMBL1133468,J Med Chem,2000
CHEMBL233,Mu-type opioid receptor,CHEMBL125248,CHEMBL125248,CCN(CC)C(=O)c1ccc(C(c2ccccc2)N2CCN(CC3CC3)CC2)cc1,5.62,IC50,=,2398.0,nM,CHEMBL749744,B,BAO_0000357,CHEMBL1133468,J Med Chem,2000
CHEMBL233,Mu-type opioid receptor,CHEMBL417260,CHEMBL417260,COc1cccc(OC)c1-c1cccn(C(CN2CCC(O)C2)c2ccccc2)c1=O,5.41,IC50,=,3910.0,nM,CHEMBL754565,B,BAO_0000219,CHEMBL1136656,Bioorg Med Chem Lett,2003
CHEMBL233,Mu-type opioid receptor,CHEMBL15264,CHEMBL15264,O=c1c(Nc2ccc(C(F)(F)F)cc2)cccn1C(CN1CCCC1)c1ccccc1,5.00,IC50,=,10000.0,nM,CHEMBL754565,B,BAO_0000219,CHEMBL1136656,Bioorg Med Chem Lett,2003
CHEMBL233,Mu-type opioid receptor,CHEMBL15428,CHEMBL15428,COc1ccc(Cl)cc1-c1cccn(C(CN2CCC(O)C2)c2ccccc2)c1=O,6.72,IC50,=,190.0,nM,CHEMBL754565,B,BAO_0000219,CHEMBL1136656,Bioorg Med Chem Lett,2003
CHEMBL233,Mu-type opioid receptor,CHEMBL15257,CHEMBL15257,O=c1c(-c2ccc(Cl)cc2Cl)cncn1C(CN1CCCC1)c1ccccc1,5.02,IC50,=,9600.0,nM,CHEMBL754565,B,BAO_0000219,CHEMBL1136656,Bioorg Med Chem Lett,2003
CHEMBL233,Mu-type opioid receptor,CHEMBL275176,CHEMBL275176,COc1ccc(OC)c(-c2cccn(C(CN3CCC(O)C3)c3ccccc3)c2=O)c1,5.65,IC50,=,2220.0,nM,CHEMBL754565,B,BAO_0000219,CHEMBL1136656,Bioorg Med Chem Lett,2003
CHEMBL233,Mu-type opioid receptor,CHEMBL280037,CHEMBL280037,O=c1c(-c2ccc(C(F)(F)F)cc2)cccn1C(CN1CCCC1)c1ccccc1,5.57,IC50,=,2716.0,nM,CHEMBL754565,B,BAO_0000219,CHEMBL1136656,Bioorg Med Chem Lett,2003
CHEMBL233,Mu-type opioid receptor,CHEMBL14969,CHEMBL14969,O=c1c(-c2ccc(Cl)cc2Cl)cccn1C(CN1CCCC1)c1ccccc1,5.68,IC50,=,2100.0,nM,CHEMBL754565,B,BAO_0000219,CHEMBL1136656,Bioorg Med Chem Lett,2003
CHEMBL233,Mu-type opioid receptor,CHEMBL440765,CHEMBL440765,CN(C(=O)Cc1ccccc1)[C@H]1CC[C@@]2(CCCO2)C[C@@H]1N1CCCC1,6.60,IC50,=,250.0,nM,CHEMBL754565,B,BAO_0000219,CHEMBL1136656,Bioorg Med Chem Lett,2003
CHEMBL233,Mu-type opioid receptor,CHEMBL14653,CHEMBL14653,CC(=O)c1ccc(-c2cccn(C(CN3CCC(O)C3)c3ccccc3)c2=O)cc1,5.76,IC50,=,1750.0,nM,CHEMBL754565,B,BAO_0000219,CHEMBL1136656,Bioorg Med Chem Lett,2003
CHEMBL233,Mu-type opioid receptor,CHEMBL14959,CHEMBL14959,Nc1cccc(-c2cccn(C(CN3CCC(O)C3)c3ccccc3)c2=O)c1,5.54,IC50,=,2910.0,nM,CHEMBL754565,B,BAO_0000219,CHEMBL1136656,Bioorg Med Chem Lett,2003
CHEMBL233,Mu-type opioid receptor,CHEMBL115249,CHEMBL115249,CCOc1ccc(CCOC(=O)N2CCN(CCCc3ccccc3)CC2)cc1,5.77,IC50,=,1690.0,nM,CHEMBL757059,B,BAO_0000357,CHEMBL1134625,J Med Chem,2001
CHEMBL233,Mu-type opioid receptor,CHEMBL324297,CHEMBL324297,O=[N+]([O-])c1cc2c(cc1CN1CCC(n3c(O)nc4ccccc43)CC1)OCO2,8.82,IC50,=,1.5,nM,CHEMBL757059,B,BAO_0000357,CHEMBL1134625,J Med Chem,2001
CHEMBL233,Mu-type opioid receptor,CHEMBL324479,CHEMBL324479,COC(=O)c1csc(S(=O)(=O)N2CCN(C(=O)c3ccccc3Nc3ccccc3)CC2)c1OC,5.30,IC50,=,4955.0,nM,CHEMBL757059,B,BAO_0000357,CHEMBL1134625,J Med Chem,2001
CHEMBL233,Mu-type opioid receptor,CHEMBL116735,CHEMBL116735,O=C(CCc1ccc(F)cc1)N1CCN(CCCC(c2ccc(F)cc2)c2ccc(F)cc2)CC1,5.44,IC50,=,3660.0,nM,CHEMBL757059,B,BAO_0000357,CHEMBL1134625,J Med Chem,2001
CHEMBL233,Mu-type opioid receptor,CHEMBL116463,CHEMBL116463,N#Cc1ccc(CCOC(=O)NC2CCN(CCCC(c3ccc(F)cc3)c3ccc(F)cc3)CC2)cc1,5.18,IC50,=,6545.0,nM,CHEMBL757059,B,BAO_0000357,CHEMBL1134625,J Med Chem,2001
CHEMBL233,Mu-type opioid receptor,CHEMBL420863,CHEMBL420863,Cc1ccc2nc(O)n(C3CCN(Cc4cc5c(cc4Cl)OCO5)CC3)c2c1,8.62,IC50,=,2.4,nM,CHEMBL757059,B,BAO_0000357,CHEMBL1134625,J Med Chem,2001
CHEMBL233,Mu-type opioid receptor,CHEMBL326263,CHEMBL326263,N#Cc1ccc(CCOC(=O)N2CCN(CCCC(c3ccc(F)cc3)c3ccc(F)cc3)CC2)cc1,5.83,IC50,=,1470.0,nM,CHEMBL757059,B,BAO_0000357,CHEMBL1134625,J Med Chem,2001
CHEMBL233,Mu-type opioid receptor,CHEMBL114379,CHEMBL114379,Oc1nc2ccccc2n1C1CCN(Cc2cc3c(cc2Cl)OCO3)CC1,8.92,IC50,=,1.2,nM,CHEMBL757059,B,BAO_0000357,CHEMBL1134625,J Med Chem,2001
CHEMBL233,Mu-type opioid receptor,CHEMBL115229,CHEMBL115229,O=[N+]([O-])c1cc2c(cc1CN1CC=C(n3c(O)nc4ccccc43)CC1)OCO2,7.71,IC50,=,19.3,nM,CHEMBL757059,B,BAO_0000357,CHEMBL1134625,J Med Chem,2001
CHEMBL233,Mu-type opioid receptor,CHEMBL108417,CHEMBL108417,CC(c1ccccc1)N1CC[C@H]1[C@@H](N)c1cccc(Cl)c1,4.97,Ki,=,10620.0,nM,CHEMBL751582,B,BAO_0000219,CHEMBL1134945,Bioorg Med Chem Lett,2002
CHEMBL233,Mu-type opioid receptor,CHEMBL322717,CHEMBL322717,CCCCCCC(c1ccccc1)N1CC[C@H]1[C@@H](N)c1cccc(Cl)c1,5.80,Ki,=,1591.0,nM,CHEMBL751582,B,BAO_0000219,CHEMBL1134945,Bioorg Med Chem Lett,2002
CHEMBL233,Mu-type opioid receptor,CHEMBL110138,CHEMBL110138,Cc1ccc(C(c2ccc(C)cc2)N2CC[C@H]2[C@H](N)c2cccc(Cl)c2)cc1,6.10,Ki,=,801.0,nM,CHEMBL751582,B,BAO_0000219,CHEMBL1134945,Bioorg Med Chem Lett,2002
CHEMBL233,Mu-type opioid receptor,CHEMBL110379,CHEMBL110379,CCCCC(c1cccc(F)c1)N1CC[C@H]1[C@H](N)c1cccc(Cl)c1,5.80,Ki,=,1599.0,nM,CHEMBL751582,B,BAO_0000219,CHEMBL1134945,Bioorg Med Chem Lett,2002
CHEMBL233,Mu-type opioid receptor,CHEMBL448155,CHEMBL448155,COc1ccc([C@H](N)[C@@H]2CCN2C(c2ccccc2)c2ccccc2)cc1,6.06,Ki,=,865.0,nM,CHEMBL751582,B,BAO_0000219,CHEMBL1134945,Bioorg Med Chem Lett,2002
CHEMBL233,Mu-type opioid receptor,CHEMBL321462,CHEMBL321462,N[C@H](c1cccc(Cl)c1)[C@@H]1CCN1C(c1ccc(F)cc1)c1ccc(F)cc1,5.66,Ki,=,2176.0,nM,CHEMBL751582,B,BAO_0000219,CHEMBL1134945,Bioorg Med Chem Lett,2002
CHEMBL233,Mu-type opioid receptor,CHEMBL107288,CHEMBL107288,CCCCC(c1ccccc1)N1CC[C@H]1[C@@H](N)c1cccc(Cl)c1,5.65,Ki,=,2248.0,nM,CHEMBL751582,B,BAO_0000219,CHEMBL1134945,Bioorg Med Chem Lett,2002
CHEMBL233,Mu-type opioid receptor,CHEMBL108893,CHEMBL108893,CCCCC(c1ccccc1)N1CC[C@H]1[C@H](N)c1cccc(Cl)c1,5.74,Ki,=,1815.0,nM,CHEMBL751582,B,BAO_0000219,CHEMBL1134945,Bioorg Med Chem Lett,2002
CHEMBL233,Mu-type opioid receptor,CHEMBL327118,CHEMBL327118,N[C@H](c1cccc(Cl)c1)[C@@H]1CCN1C(c1cccc(Cl)c1)c1cccc(Cl)c1,5.14,Ki,=,7159.0,nM,CHEMBL751582,B,BAO_0000219,CHEMBL1134945,Bioorg Med Chem Lett,2002
CHEMBL233,Mu-type opioid receptor,CHEMBL108904,CHEMBL108904,N[C@@H](c1ccc(Cl)cc1)[C@@H]1CCN1C(c1ccccc1)c1ccccc1,6.23,Ki,=,586.0,nM,CHEMBL751582,B,BAO_0000219,CHEMBL1134945,Bioorg Med Chem Lett,2002
CHEMBL233,Mu-type opioid receptor,CHEMBL324895,CHEMBL324895,CCCCC(c1cc(F)cc(F)c1)N1CC[C@H]1[C@@H](N)c1cccc(Cl)c1,5.26,Ki,=,5551.0,nM,CHEMBL751582,B,BAO_0000219,CHEMBL1134945,Bioorg Med Chem Lett,2002
CHEMBL233,Mu-type opioid receptor,CHEMBL317479,CHEMBL317479,N[C@H](c1cccc(C(F)(F)F)c1)[C@H]1CCN1C(c1ccccc1)c1ccccc1,6.29,Ki,=,516.0,nM,CHEMBL751582,B,BAO_0000219,CHEMBL1134945,Bioorg Med Chem Lett,2002
CHEMBL233,Mu-type opioid receptor,CHEMBL320804,CHEMBL320804,CCC(c1ccccc1)N1CC[C@H]1[C@H](N)c1cccc(Cl)c1,5.14,Ki,=,7217.0,nM,CHEMBL751582,B,BAO_0000219,CHEMBL1134945,Bioorg Med Chem Lett,2002
CHEMBL233,Mu-type opioid receptor,CHEMBL110933,CHEMBL110933,CCCC(c1ccccc1)N1CC[C@H]1[C@@H](N)c1cccc(Cl)c1,5.38,Ki,=,4130.0,nM,CHEMBL751582,B,BAO_0000219,CHEMBL1134945,Bioorg Med Chem Lett,2002
CHEMBL233,Mu-type opioid receptor,CHEMBL106084,CHEMBL106084,CCCCCC(c1ccccc1)N1CC[C@H]1[C@@H](N)c1cccc(Cl)c1,5.67,Ki,=,2148.0,nM,CHEMBL751582,B,BAO_0000219,CHEMBL1134945,Bioorg Med Chem Lett,2002
CHEMBL233,Mu-type opioid receptor,CHEMBL106190,CHEMBL106190,CCCCC(c1cccc(F)c1)N1CC[C@H]1[C@@H](N)c1cccc(Cl)c1,5.33,Ki,=,4705.0,nM,CHEMBL751582,B,BAO_0000219,CHEMBL1134945,Bioorg Med Chem Lett,2002
CHEMBL233,Mu-type opioid receptor,CHEMBL316961,CHEMBL316961,N[C@@H](c1cccc(C(F)(F)F)c1)[C@@H]1CCN1C(c1ccccc1)c1ccccc1,5.71,Ki,=,1967.0,nM,CHEMBL751582,B,BAO_0000219,CHEMBL1134945,Bioorg Med Chem Lett,2002
CHEMBL233,Mu-type opioid receptor,CHEMBL110126,CHEMBL110126,Cc1ccc([C@H](N)[C@@H]2CCN2C(c2ccccc2)c2ccccc2)cc1,6.31,Ki,=,488.0,nM,CHEMBL751582,B,BAO_0000219,CHEMBL1134945,Bioorg Med Chem Lett,2002
CHEMBL233,Mu-type opioid receptor,CHEMBL106359,CHEMBL106359,CCCCC(CCCC)N1CC[C@H]1[C@@H](N)c1cccc(Cl)c1,5.01,Ki,=,9666.0,nM,CHEMBL751582,B,BAO_0000219,CHEMBL1134945,Bioorg Med Chem Lett,2002
CHEMBL233,Mu-type opioid receptor,CHEMBL324897,CHEMBL324897,N[C@H](c1cccc(Cl)c1)[C@@H]1CCN1C(c1cccc(F)c1)c1cccc(F)c1,5.37,Ki,=,4317.0,nM,CHEMBL751582,B,BAO_0000219,CHEMBL1134945,Bioorg Med Chem Lett,2002
CHEMBL233,Mu-type opioid receptor,CHEMBL108995,CHEMBL108995,CCCCCC(c1ccccc1)N1CC[C@H]1[C@H](N)c1cccc(Cl)c1,5.71,Ki,=,1939.0,nM,CHEMBL751582,B,BAO_0000219,CHEMBL1134945,Bioorg Med Chem Lett,2002
CHEMBL233,Mu-type opioid receptor,CHEMBL108900,CHEMBL108900,CCCCC(c1cc(F)cc(F)c1)N1CC[C@H]1[C@H](N)c1cccc(Cl)c1,5.40,Ki,=,3975.0,nM,CHEMBL751582,B,BAO_0000219,CHEMBL1134945,Bioorg Med Chem Lett,2002
CHEMBL233,Mu-type opioid receptor,CHEMBL106235,CHEMBL106235,CCC(c1ccccc1)N1CC[C@H]1[C@@H](N)c1cccc(Cl)c1,5.09,Ki,=,8067.0,nM,CHEMBL751582,B,BAO_0000219,CHEMBL1134945,Bioorg Med Chem Lett,2002
CHEMBL233,Mu-type opioid receptor,CHEMBL108894,CHEMBL108894,Cc1ccc([C@H](N)[C@@H]2CCN2C(c2ccccc2)c2ccccc2)cc1F,6.82,Ki,=,152.0,nM,CHEMBL751582,B,BAO_0000219,CHEMBL1134945,Bioorg Med Chem Lett,2002
CHEMBL233,Mu-type opioid receptor,CHEMBL419179,CHEMBL419179,N[C@@H](c1cc(F)cc(F)c1)[C@@H]1CCN1C(c1ccccc1)c1ccccc1,5.37,Ki,=,4245.0,nM,CHEMBL751582,B,BAO_0000219,CHEMBL1134945,Bioorg Med Chem Lett,2002
CHEMBL233,Mu-type opioid receptor,CHEMBL106155,CHEMBL106155,CCCCCCC(c1ccccc1)N1CC[C@H]1[C@H](N)c1cccc(Cl)c1,5.83,Ki,=,1494.0,nM,CHEMBL751582,B,BAO_0000219,CHEMBL1134945,Bioorg Med Chem Lett,2002
CHEMBL233,Mu-type opioid receptor,CHEMBL106785,CHEMBL106785,N[C@H](c1cccc(Cl)c1)[C@@H]1CCN1C(c1ccc(Cl)cc1)c1ccc(Cl)cc1,5.46,Ki,=,3452.0,nM,CHEMBL751582,B,BAO_0000219,CHEMBL1134945,Bioorg Med Chem Lett,2002
CHEMBL233,Mu-type opioid receptor,CHEMBL320582,CHEMBL320582,N[C@H](c1cccc(Cl)c1)[C@@H]1CCN1C(c1ccc(Br)cc1)c1ccc(Br)cc1,5.60,Ki,=,2502.0,nM,CHEMBL751582,B,BAO_0000219,CHEMBL1134945,Bioorg Med Chem Lett,2002
CHEMBL233,Mu-type opioid receptor,CHEMBL324635,CHEMBL324635,N[C@@H](c1cccc(Cl)c1)[C@@H]1CCN1C(c1ccccc1)c1ccccc1,5.78,Ki,=,1654.0,nM,CHEMBL751582,B,BAO_0000219,CHEMBL1134945,Bioorg Med Chem Lett,2002
CHEMBL233,Mu-type opioid receptor,CHEMBL106043,CHEMBL106043,N[C@@H](c1ccc(Oc2ccccc2)cc1)[C@@H]1CCN1C(c1ccccc1)c1ccccc1,5.27,Ki,=,5401.0,nM,CHEMBL751582,B,BAO_0000219,CHEMBL1134945,Bioorg Med Chem Lett,2002
CHEMBL233,Mu-type opioid receptor,CHEMBL431445,CHEMBL431445,N[C@@H](c1cccc(F)c1)[C@@H]1CCN1C(c1ccccc1)c1ccccc1,5.75,Ki,=,1766.0,nM,CHEMBL751582,B,BAO_0000219,CHEMBL1134945,Bioorg Med Chem Lett,2002
CHEMBL233,Mu-type opioid receptor,CHEMBL106366,CHEMBL106366,CCCC(c1ccccc1)N1CC[C@H]1[C@H](N)c1cccc(Cl)c1,5.22,Ki,=,6015.0,nM,CHEMBL751582,B,BAO_0000219,CHEMBL1134945,Bioorg Med Chem Lett,2002
CHEMBL233,Mu-type opioid receptor,CHEMBL63563,CHEMBL63563,CCNC(=O)c1ccc(C(=C2CC3CCC(C2)N3c2cccn2C)c2ccccc2)cc1,7.23,Ki,=,59.0,nM,CHEMBL756359,B,BAO_0000357,CHEMBL1147544,Bioorg Med Chem Lett,2004
CHEMBL233,Mu-type opioid receptor,CHEMBL217379,CHEMBL217379,CC[C@H](C)[C@H](NC(=O)[C@H](CCCN=C(N)N)NC(=O)[C@H](CCCN=C(N)N)NC(=O)[C@H](CC(C)C)NC(=O)[C@H](Cc1ccccc1)NC(=O)CNC(=O)CNC(=O)[C@@H](N)Cc1ccc(O)cc1)C(=O)O,7.45,Ki,=,35.4,nM,CHEMBL754712,B,BAO_0000219,CHEMBL1144926,J Med Chem,2003
CHEMBL233,Mu-type opioid receptor,CHEMBL2369408,CHEMBL2369408,CC(C)C[C@H](NC(=O)[C@H](Cc1ccccc1)NC(=O)[C@@H]1CCCN1C(=O)CNC(=O)[C@@H](N)Cc1ccc(O)cc1)C(=O)N[C@@H](CCCN=C(N)N)C(=O)N[C@@H](CCCN=C(N)N)C(=O)N[C@@H](CCCN=C(N)N)C(=O)N[C@@H](CCCN=C(N)N)C(=O)N1CCC[C@@H]1C(=O)N[C@@H](CCCCN)C(N)=O,5.56,Ki,=,2750.0,nM,CHEMBL754712,B,BAO_0000219,CHEMBL1144926,J Med Chem,2003
CHEMBL233,Mu-type opioid receptor,CHEMBL1161417,CHEMBL1161417,Cc1cc(O)cc(C)c1C[C@H](N)[C@H](O)C/C=C/[C@@H](O)[C@@H](Cc1ccccc1)C(=O)N[C@@H](Cc1ccccc1)C(N)=O,8.80,Ki,=,1.6,nM,CHEMBL753391,B,BAO_0000219,CHEMBL1145973,J Med Chem,2003
CHEMBL233,Mu-type opioid receptor,CHEMBL1161413,CHEMBL1161413,Cc1cc(O)cc(C)c1C[C@H](N)[C@H](O)C/C=C/[C@H](O)[C@@H](Cc1ccccc1)C(=O)NCCc1ccccc1,9.62,Ki,=,0.24,nM,CHEMBL753391,B,BAO_0000219,CHEMBL1145973,J Med Chem,2003
CHEMBL233,Mu-type opioid receptor,CHEMBL302801,CHEMBL302801,CCN(CC)C(=O)c1ccc(/C(=C2\C[C@H]3CC[C@@H](C2)N3CCc2ccccc2)c2ccccc2)cc1,7.14,Ki,=,72.0,nM,CHEMBL882430,B,BAO_0000357,CHEMBL1147544,Bioorg Med Chem Lett,2004
CHEMBL233,Mu-type opioid receptor,CHEMBL610046,CHEMBL610046,O=C1[C@@H](Cc2ccccc2)C[C@@]2(O)[C@H]3Cc4ccc(O)c5c4[C@@]2(CCN3CC2CC2)[C@H]1O5,8.85,Ki,=,1.4,nM,CHEMBL843459,B,BAO_0000357,CHEMBL1127619,J Med Chem,1994
CHEMBL233,Mu-type opioid receptor,CHEMBL101519,CHEMBL101519,O=C1/C(=C\c2ccccc2)C[C@@]2(O)[C@H]3Cc4ccc(O)c5c4[C@@]2(CCN3CC2CC2)[C@H]1O5,8.72,Ki,=,1.9,nM,CHEMBL843459,B,BAO_0000357,CHEMBL1127619,J Med Chem,1994
CHEMBL233,Mu-type opioid receptor,CHEMBL2369407,CHEMBL2369407,CC(C)C[C@H](NC(=O)[C@H](Cc1ccccc1)NC(=O)[C@@H]1CCCN1C(=O)CNC(=O)[C@@H](N)Cc1ccc(O)cc1)C(N)=O,4.81,Ki,=,15500.0,nM,CHEMBL754712,B,BAO_0000219,CHEMBL1144926,J Med Chem,2003
CHEMBL233,Mu-type opioid receptor,CHEMBL413729,CHEMBL413729,CC[C@H](C)[C@H](NC(=O)[C@H](CCCN=C(N)N)NC(=O)[C@H](CCCN=C(N)N)NC(=O)[C@H](CC(C)C)NC(=O)[C@H](Cc1ccccc1)NC(=O)[C@@H]1CCCN1C(=O)CNC(=O)[C@@H](N)Cc1ccc(O)cc1)C(=O)N[C@@H](CCCN=C(N)N)C(=O)N1CCC[C@@H]1C(=O)N[C@@H](CCCCN)C(N)=O,5.28,Ki,=,5250.0,nM,CHEMBL754712,B,BAO_0000219,CHEMBL1144926,J Med Chem,2003
CHEMBL233,Mu-type opioid receptor,CHEMBL1161415,CHEMBL1161415,Cc1cc(O)cc(C)c1C[C@H](N)[C@H](O)C/C=C/[C@H](O)[C@@H](Cc1ccccc1)C(=O)N[C@@H](Cc1ccccc1)C(N)=O,8.92,Ki,=,1.2,nM,CHEMBL753391,B,BAO_0000219,CHEMBL1145973,J Med Chem,2003
CHEMBL233,Mu-type opioid receptor,CHEMBL63651,CHEMBL63651,CCNC(=O)c1ccc(/C(=C2\C[C@H]3CC[C@@H](C2)N3CCc2ccccc2)c2ccccc2)cc1,9.59,Ki,=,0.26,nM,CHEMBL756359,B,BAO_0000357,CHEMBL1147544,Bioorg Med Chem Lett,2004
CHEMBL233,Mu-type opioid receptor,CHEMBL65259,CHEMBL65259,CCNC(=O)c1ccc(C(=C2CC3CCC(C2)N3CC=C(C)C)c2cccc(O)c2)cc1,8.60,Ki,=,2.52,nM,CHEMBL756359,B,BAO_0000357,CHEMBL1147544,Bioorg Med Chem Lett,2004
CHEMBL233,Mu-type opioid receptor,CHEMBL67326,CHEMBL67326,CCNC(=O)c1ccc(C(=C2CC3CCC(C2)N3Cc2cccs2)c2ccc(OC)cc2)cc1,7.87,Ki,=,13.48,nM,CHEMBL756359,B,BAO_0000357,CHEMBL1147544,Bioorg Med Chem Lett,2004
CHEMBL233,Mu-type opioid receptor,CHEMBL1161429,CHEMBL1161429,Cc1cc(O)cc(C)c1C[C@H](N)[C@@H](O)C/C=C/[C@@H](O)[C@@H](Cc1ccccc1)C(=O)NCCc1ccccc1,9.43,Ki,=,0.37,nM,CHEMBL753391,B,BAO_0000219,CHEMBL1145973,J Med Chem,2003
CHEMBL233,Mu-type opioid receptor,CHEMBL304214,CHEMBL304214,CCNC(=O)c1ccc(C(=C2CC3CCC(C2)N3Cc2ccccc2Cl)c2cccc(OC)c2)cc1,7.24,Ki,=,57.74,nM,CHEMBL756359,B,BAO_0000357,CHEMBL1147544,Bioorg Med Chem Lett,2004
CHEMBL233,Mu-type opioid receptor,CHEMBL68342,CHEMBL68342,C=CCN1[C@@H]2CC[C@H]1C/C(=C(/c1ccccc1)c1ccc(C(=O)NCC)cc1)C2,7.98,Ki,=,10.52,nM,CHEMBL756359,B,BAO_0000357,CHEMBL1147544,Bioorg Med Chem Lett,2004
CHEMBL233,Mu-type opioid receptor,CHEMBL610550,CHEMBL610550,Oc1ccc2c3c1O[C@H]1[C@@H](Nc4ccccc4)CC[C@@]4(O)[C@@H](C2)N(CC2CC2)CC[C@]314,9.72,Ki,=,0.19,nM,CHEMBL843459,B,BAO_0000357,CHEMBL1127619,J Med Chem,1994
CHEMBL233,Mu-type opioid receptor,CHEMBL2369394,CHEMBL2369394,CC(C)C[C@H](NC(=O)[C@H](Cc1ccccc1)NC(=O)[C@@H]1CCCN1C(=O)CNC(=O)[C@@H](N)Cc1ccc(O)cc1)C(=O)N[C@@H](CCCN=C(N)N)C(N)=O,4.71,Ki,=,19500.0,nM,CHEMBL754712,B,BAO_0000219,CHEMBL1144926,J Med Chem,2003
CHEMBL233,Mu-type opioid receptor,CHEMBL279638,CHEMBL279638,CCNC(=O)c1ccc(C(=C2CC3CCC(C2)N3Cc2ccccc2Cl)c2ccc(OC)cc2)cc1,6.91,Ki,=,122.0,nM,CHEMBL756359,B,BAO_0000357,CHEMBL1147544,Bioorg Med Chem Lett,2004
CHEMBL233,Mu-type opioid receptor,CHEMBL306463,CHEMBL306463,CCNC(=O)c1ccc(C(=C2CC3CCC(C2)N3Cc2[nH]cnc2C)c2ccccc2)cc1,7.21,Ki,=,61.0,nM,CHEMBL756359,B,BAO_0000357,CHEMBL1147544,Bioorg Med Chem Lett,2004
CHEMBL233,Mu-type opioid receptor,CHEMBL292332,CHEMBL292332,CCNC(=O)c1ccc(C(=C2CC3CCC(C2)N3CCO)c2ccccc2)cc1,7.12,Ki,=,76.0,nM,CHEMBL756359,B,BAO_0000357,CHEMBL1147544,Bioorg Med Chem Lett,2004
CHEMBL233,Mu-type opioid receptor,CHEMBL1161412,CHEMBL1161412,Cc1cc(O)cc(C)c1C[C@H](N)[C@@H](O)C/C=C/[C@@H](O)[C@H](Cc1ccccc1)C(=O)N[C@@H](Cc1ccccc1)C(N)=O,8.92,Ki,=,1.2,nM,CHEMBL753391,B,BAO_0000219,CHEMBL1145973,J Med Chem,2003
CHEMBL233,Mu-type opioid receptor,CHEMBL2369393,CHEMBL2369393,CC[C@H](C)[C@H](NC(=O)[C@H](CCCN=C(N)N)NC(=O)[C@H](CCCN=C(N)N)NC(=O)[C@H](CC(C)C)NC(=O)[C@H](Cc1ccccc1)NC(=O)[C@@H]1CCCN1C(=O)CNC(=O)[C@@H](N)Cc1ccc(O)cc1)C(=O)N[C@@H](CCCN=C(N)N)C(=O)N1CCC[C@@H]1C(=O)N[C@@H](CCCCN)C(=O)O,4.82,Ki,=,15100.0,nM,CHEMBL754712,B,BAO_0000219,CHEMBL1144926,J Med Chem,2003
CHEMBL233,Mu-type opioid receptor,CHEMBL269483,CHEMBL269483,CC[C@H](C)[C@H](NC(=O)[C@H](CCCN=C(N)N)NC(=O)[C@H](CCCN=C(N)N)NC(=O)[C@H](CC(C)C)NC(=O)[C@H](Cc1ccccc1)NC(=O)CNC(=O)CNC(=O)[C@@H](N)Cc1ccc(O)cc1)C(=O)N[C@@H](CCCN=C(N)N)C(=O)N1CCC[C@@H]1C(=O)O,7.92,Ki,=,11.9,nM,CHEMBL754712,B,BAO_0000219,CHEMBL1144926,J Med Chem,2003
CHEMBL233,Mu-type opioid receptor,CHEMBL1161419,CHEMBL1161419,NC(=O)[C@H](Cc1ccccc1)NC(=O)[C@H](Cc1ccccc1)NC(=O)[C@H]1CCCN1C(=O)[C@@H](N)Cc1ccccc1,9.16,Ki,=,0.69,nM,CHEMBL753391,B,BAO_0000219,CHEMBL1145973,J Med Chem,2003
CHEMBL233,Mu-type opioid receptor,CHEMBL1161414,CHEMBL1161414,Cc1cc(O)cc(C)c1C[C@H](N)[C@@H](O)C/C=C/[C@H](O)[C@@H](Cc1ccccc1)C(=O)N[C@@H](Cc1ccccc1)C(N)=O,9.77,Ki,=,0.17,nM,CHEMBL753391,B,BAO_0000219,CHEMBL1145973,J Med Chem,2003
CHEMBL233,Mu-type opioid receptor,CHEMBL307973,CHEMBL307973,O=C(NC1CC1)c1ccc(C(=C2CC3CCC(C2)N3CCc2ccccc2)c2ccccc2)cc1,9.00,Ki,=,1.01,nM,CHEMBL756359,B,BAO_0000357,CHEMBL1147544,Bioorg Med Chem Lett,2004
CHEMBL233,Mu-type opioid receptor,CHEMBL303148,CHEMBL303148,O=C(NC1CCCCC1)c1ccc(C(=C2CC3CCC(C2)N3CCc2ccccc2)c2ccccc2)cc1,6.14,Ki,=,717.0,nM,CHEMBL756359,B,BAO_0000357,CHEMBL1147544,Bioorg Med Chem Lett,2004
CHEMBL233,Mu-type opioid receptor,CHEMBL303875,CHEMBL303875,C=CCN1C2CCC1CC(=C(c1ccc(C(=O)NCC)cc1)c1cccc(OC)c1)C2,7.86,Ki,=,13.8,nM,CHEMBL756359,B,BAO_0000357,CHEMBL1147544,Bioorg Med Chem Lett,2004
CHEMBL233,Mu-type opioid receptor,CHEMBL304466,CHEMBL304466,O=C(Nc1ccccc1)c1ccc(C(=C2CC3CCC(C2)N3CCc2ccccc2)c2ccccc2)cc1,5.37,Ki,=,4242.0,nM,CHEMBL756359,B,BAO_0000357,CHEMBL1147544,Bioorg Med Chem Lett,2004
CHEMBL233,Mu-type opioid receptor,CHEMBL416680,CHEMBL416680,CCNC(=O)c1ccc(C(=C2CC3CCC(C2)N3Cc2c[nH]cn2)c2ccccc2)cc1,7.00,Ki,=,101.0,nM,CHEMBL756359,B,BAO_0000357,CHEMBL1147544,Bioorg Med Chem Lett,2004
CHEMBL233,Mu-type opioid receptor,CHEMBL302142,CHEMBL302142,C=CCN1[C@@H]2CC[C@H]1C/C(=C(\c1ccccc1)c1ccc(C(=O)NCC)cc1)C2,7.72,Ki,=,19.09,nM,CHEMBL756359,B,BAO_0000357,CHEMBL1147544,Bioorg Med Chem Lett,2004
CHEMBL233,Mu-type opioid receptor,CHEMBL1161425,CHEMBL1161425,Cc1cc(O)cc(C)c1C[C@H](N)[C@@H](O)C/C=C/[C@H](O)[C@@H](Cc1ccccc1)C(=O)O[C@@H](Cc1ccccc1)C(N)=O,9.35,Ki,=,0.45,nM,CHEMBL753391,B,BAO_0000219,CHEMBL1145973,J Med Chem,2003
CHEMBL233,Mu-type opioid receptor,CHEMBL67289,CHEMBL67289,CCNC(=O)c1ccc(C(=C2CC3CCC(C2)N3CCc2ccccc2)c2cccc(OC)c2)cc1,9.18,Ki,=,0.654,nM,CHEMBL756359,B,BAO_0000357,CHEMBL1147544,Bioorg Med Chem Lett,2004
CHEMBL233,Mu-type opioid receptor,CHEMBL1161427,CHEMBL1161427,Cc1cc(O)cc(C)c1C[C@H](N)[C@@H](O)C/C=C/[C@H](O)[C@@H](Cc1ccccc1)C(=O)N[C@H](CO)Cc1ccccc1,9.80,Ki,=,0.16,nM,CHEMBL753391,B,BAO_0000219,CHEMBL1145973,J Med Chem,2003
CHEMBL233,Mu-type opioid receptor,CHEMBL66800,CHEMBL66800,CCNC(=O)c1ccc(C(=C2CC3CCC(C2)N3CCc2c[nH]c3ccccc23)c2ccccc2)cc1,7.08,Ki,=,84.0,nM,CHEMBL756359,B,BAO_0000357,CHEMBL1147544,Bioorg Med Chem Lett,2004
CHEMBL233,Mu-type opioid receptor,CHEMBL63912,CHEMBL63912,CCNC(=O)c1ccc(C(=C2CC3CCC(C2)N3)c2ccc(O)cc2)cc1,6.58,Ki,=,265.0,nM,CHEMBL756359,B,BAO_0000357,CHEMBL1147544,Bioorg Med Chem Lett,2004
CHEMBL233,Mu-type opioid receptor,CHEMBL2369366,CHEMBL2369366,CC[C@H](C)[C@H](NC(=O)[C@H](CCCN=C(N)N)NC(=O)[C@H](CCCN=C(N)N)NC(=O)[C@H](CC(C)C)NC(=O)[C@H](Cc1ccccc1)NC(=O)[C@@H]1CCCN1C(=O)CNC(=O)[C@@H](N)Cc1ccc(O)cc1)C(=O)N[C@@H](CCCN=C(N)N)C(=O)N[C@H](CCCN=C(N)N)C(=O)N[C@@H](CCCCN)C(N)=O,5.78,Ki,=,1660.0,nM,CHEMBL754712,B,BAO_0000219,CHEMBL1144926,J Med Chem,2003
CHEMBL233,Mu-type opioid receptor,CHEMBL433500,CHEMBL433500,CCNC(=O)c1ccc(C(=C2CC3CCC(C2)N3Cc2ccccc2Cl)c2cccc(O)c2)cc1,7.82,Ki,=,14.98,nM,CHEMBL756359,B,BAO_0000357,CHEMBL1147544,Bioorg Med Chem Lett,2004
CHEMBL233,Mu-type opioid receptor,CHEMBL252172,CHEMBL252172,O=C1/C(=C/c2ccccc2)C[C@@]2(O)[C@H]3Cc4ccc(O)c5c4[C@@]2(CCN3CC2CC2)[C@H]1O5,7.88,Ki,=,13.3,nM,CHEMBL843459,B,BAO_0000357,CHEMBL1127619,J Med Chem,1994
CHEMBL233,Mu-type opioid receptor,CHEMBL67144,CHEMBL67144,COCCNC(=O)c1ccc(C(=C2CC3CCC(C2)N3CCc2ccccc2)c2ccccc2)cc1,6.79,Ki,=,163.0,nM,CHEMBL756359,B,BAO_0000357,CHEMBL1147544,Bioorg Med Chem Lett,2004
CHEMBL233,Mu-type opioid receptor,CHEMBL63309,CHEMBL63309,CNC(=O)c1ccc(C(=C2CC3CCC(C2)N3CCc2ccccc2)c2ccccc2)cc1,9.85,Ki,=,0.14,nM,CHEMBL756359,B,BAO_0000357,CHEMBL1147544,Bioorg Med Chem Lett,2004
CHEMBL233,Mu-type opioid receptor,CHEMBL610293,CHEMBL610293,O=C1[C@@H]2Oc3c(O)ccc4c3[C@@]23CCN(CC2CC2)[C@H](C4)[C@]3(O)CC12Cc1ccccc1C2,8.85,Ki,=,1.4,nM,CHEMBL843459,B,BAO_0000357,CHEMBL1127619,J Med Chem,1994
CHEMBL233,Mu-type opioid receptor,CHEMBL67428,CHEMBL67428,O=C(Nc1nccs1)c1ccc(C(=C2CC3CCC(C2)N3CCc2ccccc2)c2ccccc2)cc1,7.28,Ki,=,53.0,nM,CHEMBL756359,B,BAO_0000357,CHEMBL1147544,Bioorg Med Chem Lett,2004
CHEMBL233,Mu-type opioid receptor,CHEMBL67735,CHEMBL67735,O=C(NCCF)c1ccc(C(=C2CC3CCC(C2)N3CCc2ccccc2)c2ccccc2)cc1,8.52,Ki,=,2.99,nM,CHEMBL756359,B,BAO_0000357,CHEMBL1147544,Bioorg Med Chem Lett,2004
CHEMBL233,Mu-type opioid receptor,CHEMBL67894,CHEMBL67894,CCNC(=O)c1ccc(C(=C2CC3CCC(C2)N3CCCc2ccccc2)c2ccccc2)cc1,8.32,Ki,=,4.8,nM,CHEMBL756359,B,BAO_0000357,CHEMBL1147544,Bioorg Med Chem Lett,2004
CHEMBL233,Mu-type opioid receptor,CHEMBL67088,CHEMBL67088,CCNC(=O)c1ccc(C(=C2CC3CCC(C2)N3CCOc2ccccc2)c2ccccc2)cc1,7.03,Ki,=,93.0,nM,CHEMBL756359,B,BAO_0000357,CHEMBL1147544,Bioorg Med Chem Lett,2004
CHEMBL233,Mu-type opioid receptor,CHEMBL567175,CHEMBL567175,Oc1ccc2c3c1O[C@H]1c4[nH]c5ccccc5c4C[C@@]4(O)[C@@H](C2)N(CC2CC2)CC[C@]314,7.84,Ki,=,14.4,nM,CHEMBL843459,B,BAO_0000357,CHEMBL1127619,J Med Chem,1994
CHEMBL233,Mu-type opioid receptor,CHEMBL1161416,CHEMBL1161416,Cc1cc(O)cc(C)c1C[C@H](N)[C@@H](O)C/C=C/[C@@H](O)[C@@H](Cc1ccccc1)C(=O)N[C@@H](Cc1ccccc1)C(N)=O,9.38,Ki,=,0.42,nM,CHEMBL753391,B,BAO_0000219,CHEMBL1145973,J Med Chem,2003
CHEMBL233,Mu-type opioid receptor,CHEMBL66955,CHEMBL66955,NC(=O)c1ccc(C(=C2CC3CCC(C2)N3CCc2ccccc2)c2ccccc2)cc1,7.40,Ki,=,39.6,nM,CHEMBL756359,B,BAO_0000357,CHEMBL1147544,Bioorg Med Chem Lett,2004
CHEMBL233,Mu-type opioid receptor,CHEMBL2369391,CHEMBL2369391,CC(C)C[C@H](NC(=O)[C@H](Cc1ccccc1)NC(=O)[C@@H]1CCCN1C(=O)CNC(=O)[C@@H](N)Cc1ccc(O)cc1)C(=O)N[C@@H](CCCN=C(N)N)C(=O)N[C@@H](CCCN=C(N)N)C(N)=O,4.90,Ki,=,12600.0,nM,CHEMBL754712,B,BAO_0000219,CHEMBL1144926,J Med Chem,2003
CHEMBL233,Mu-type opioid receptor,CHEMBL68412,CHEMBL68412,CCNC(=O)c1ccc(C(=C2CC3CCC(C2)N3Cc2cccs2)c2cccc(O)c2)cc1,9.18,Ki,=,0.664,nM,CHEMBL756359,B,BAO_0000357,CHEMBL1147544,Bioorg Med Chem Lett,2004
CHEMBL233,Mu-type opioid receptor,CHEMBL67893,CHEMBL67893,CCNC(=O)c1ccc(/C(=C2/C[C@H]3CC[C@@H](C2)N3C)c2ccccc2)cc1,7.37,Ki,=,42.46,nM,CHEMBL756359,B,BAO_0000357,CHEMBL1147544,Bioorg Med Chem Lett,2004
CHEMBL233,Mu-type opioid receptor,CHEMBL2369395,CHEMBL2369395,CC[C@H](C)[C@H](NC(=O)[C@H](CCCN=C(N)N)NC(=O)[C@H](CCCN=C(N)N)NC(=O)[C@H](CC(C)C)NC(=O)[C@H](Cc1ccccc1)NC(=O)[C@@H]1CCCN1C(=O)CNC(=O)[C@@H](N)Cc1ccc(O)cc1)C(N)=O,4.79,Ki,=,16200.0,nM,CHEMBL754712,B,BAO_0000219,CHEMBL1144926,J Med Chem,2003
CHEMBL233,Mu-type opioid receptor,CHEMBL66954,CHEMBL66954,CCNC(=O)c1ccc(/C(=C2/C[C@H]3CC[C@@H](C2)N3CCc2ccccc2)c2ccccc2)cc1,8.14,Ki,=,7.16,nM,CHEMBL756359,B,BAO_0000357,CHEMBL1147544,Bioorg Med Chem Lett,2004
CHEMBL233,Mu-type opioid receptor,CHEMBL610290,CHEMBL610290,Oc1ccc2c3c1O[C@H]1C4(CC[C@@]5(O)[C@@H](C2)N(CC2CC2)CC[C@]315)Oc1ccccc1O4,8.28,Ki,=,5.2,nM,CHEMBL843459,B,BAO_0000357,CHEMBL1127619,J Med Chem,1994
CHEMBL233,Mu-type opioid receptor,CHEMBL2369390,CHEMBL2369390,CC[C@H](C)[C@H](NC(=O)[C@H](CCCN=C(N)N)NC(=O)[C@H](CCCN=C(N)N)NC(=O)[C@H](CC(C)C)NC(=O)[C@H](Cc1ccccc1)NC(=O)[C@@H]1CCCN1C(=O)CNC(=O)[C@@H](N)Cc1ccc(O)cc1)C(=O)N[C@@H](CCCN=C(N)N)C(N)=O,5.22,Ki,=,6030.0,nM,CHEMBL754712,B,BAO_0000219,CHEMBL1144926,J Med Chem,2003
CHEMBL233,Mu-type opioid receptor,CHEMBL291357,CHEMBL291357,CCNC(=O)c1ccc(C(=C2CC3CCC(C2)N3Cc2ccccn2)c2ccccc2)cc1,7.77,Ki,=,17.0,nM,CHEMBL756359,B,BAO_0000357,CHEMBL1147544,Bioorg Med Chem Lett,2004
CHEMBL233,Mu-type opioid receptor,CHEMBL64933,CHEMBL64933,CCNC(=O)c1ccc(C(=C2CC3CCC(C2)N3)c2cccc(OC)c2)cc1,7.02,Ki,=,96.0,nM,CHEMBL756359,B,BAO_0000357,CHEMBL1147544,Bioorg Med Chem Lett,2004
CHEMBL233,Mu-type opioid receptor,CHEMBL419621,CHEMBL419621,CCNC(=O)c1ccc(C(=C2CC3CCC(C2)N3CCc2ccccc2)c2cccc(O)c2)cc1,9.65,Ki,=,0.222,nM,CHEMBL756359,B,BAO_0000357,CHEMBL1147544,Bioorg Med Chem Lett,2004
CHEMBL233,Mu-type opioid receptor,CHEMBL67615,CHEMBL67615,CCCNC(=O)c1ccc(C(=C2CC3CCC(C2)N3CCc2ccccc2)c2ccccc2)cc1,8.80,Ki,=,1.6,nM,CHEMBL756359,B,BAO_0000357,CHEMBL1147544,Bioorg Med Chem Lett,2004
CHEMBL233,Mu-type opioid receptor,CHEMBL63232,CHEMBL63232,CCNC(=O)c1ccc(C(=C2CC3CCC(C2)N3Cc2ccccc2Cl)c2ccc(O)cc2)cc1,8.06,Ki,=,8.72,nM,CHEMBL756359,B,BAO_0000357,CHEMBL1147544,Bioorg Med Chem Lett,2004
CHEMBL233,Mu-type opioid receptor,CHEMBL8234,CHEMBL8234,CC(C)C[C@H](NC(=O)[C@H](Cc1ccccc1)NC(=O)CNC(=O)CNC(=O)[C@@H](N)Cc1ccc(O)cc1)C(=O)O,7.26,Ki,=,55.0,nM,CHEMBL754712,B,BAO_0000219,CHEMBL1144926,J Med Chem,2003
CHEMBL233,Mu-type opioid receptor,CHEMBL1161430,CHEMBL1161430,Cc1cc(O)cc(C)c1C[C@H](N)[C@@H](O)C/C=C/[C@H](O)[C@@H](Cc1ccccc1)C(=O)NCCc1ccccc1,9.54,Ki,=,0.29,nM,CHEMBL753391,B,BAO_0000219,CHEMBL1145973,J Med Chem,2003
CHEMBL233,Mu-type opioid receptor,CHEMBL1161428,CHEMBL1161428,Cc1cc(O)cc(C)c1C[C@H](N)[C@@H](O)C/C=C/[C@@H](O)[C@H](Cc1ccccc1)C(=O)NCCc1ccccc1,9.19,Ki,=,0.64,nM,CHEMBL753391,B,BAO_0000219,CHEMBL1145973,J Med Chem,2003
CHEMBL233,Mu-type opioid receptor,CHEMBL2369389,CHEMBL2369389,CC[C@H](C)[C@H](NC(=O)[C@H](CCCN=C(N)N)NC(=O)[C@H](CCCN=C(N)N)NC(=O)[C@H](CC(C)C)NC(=O)[C@H](Cc1ccccc1)NC(=O)[C@@H]1CCCN1C(=O)CNC(=O)[C@@H](N)Cc1ccc(O)cc1)C(=O)N[C@@H](CCCN=C(N)N)C(=O)N1CCC[C@@H]1C(N)=O,5.21,Ki,=,6200.0,nM,CHEMBL754712,B,BAO_0000219,CHEMBL1144926,J Med Chem,2003
CHEMBL233,Mu-type opioid receptor,CHEMBL1161424,CHEMBL1161424,Cc1cc(O)cc(C)c1C[C@H](N)[C@@H](O)C/C=C/[C@H](O)[C@@H](Cc1ccccc1)C(=O)OCCc1ccccc1,9.62,Ki,=,0.24,nM,CHEMBL753391,B,BAO_0000219,CHEMBL1145973,J Med Chem,2003
CHEMBL233,Mu-type opioid receptor,CHEMBL67781,CHEMBL67781,CC(C)(C)NC(=O)c1ccc(C(=C2CC3CCC(C2)N3CCc2ccccc2)c2ccccc2)cc1,6.22,Ki,=,608.0,nM,CHEMBL756359,B,BAO_0000357,CHEMBL1147544,Bioorg Med Chem Lett,2004
CHEMBL233,Mu-type opioid receptor,CHEMBL216640,CHEMBL216640,CC[C@H](C)[C@H](NC(=O)[C@H](CCCN=C(N)N)NC(=O)[C@H](CCCN=C(N)N)NC(=O)[C@H](CC(C)C)NC(=O)[C@H](Cc1ccccc1)NC(=O)CNC(=O)CNC(=O)[C@@H](N)Cc1ccc(O)cc1)C(=O)N[C@@H](CCCN=C(N)N)C(=O)N1CCC[C@H]1C(=O)N[C@@H](CCCCN)C(N)=O,8.25,Ki,=,5.62,nM,CHEMBL754712,B,BAO_0000219,CHEMBL1144926,J Med Chem,2003
CHEMBL233,Mu-type opioid receptor,CHEMBL265813,CHEMBL265813,CC[C@H](C)[C@H](NC(=O)[C@H](CCCN=C(N)N)NC(=O)[C@H](CCCN=C(N)N)NC(=O)[C@H](CC(C)C)NC(=O)[C@H](Cc1ccccc1)NC(=O)CNC(=O)CNC(=O)[C@@H](N)Cc1ccc(O)cc1)C(=O)N[C@@H](CCCN=C(N)N)C(=O)N1CCC[C@@H]1C(=O)N[C@@H](CCCCN)C(=O)N[C@@H](CC(C)C)C(=O)N[C@@H](CCCCN)C(=O)O,8.10,Ki,=,8.0,nM,CHEMBL754712,B,BAO_0000219,CHEMBL1144926,J Med Chem,2003
CHEMBL233,Mu-type opioid receptor,CHEMBL573214,CHEMBL573214,Oc1ccc2c3c1O[C@H]1c4[nH]c5c(c4C[C@@]4(O)[C@@H](C2)N(CC2CC2)CC[C@]314)C[C@@]1(O)[C@H]2Cc3ccc(O)c4c3[C@@]1(CCN2CC1CC1)[C@H]5O4,7.10,Ki,=,79.4,nM,CHEMBL754712,B,BAO_0000219,CHEMBL1144926,J Med Chem,2003
CHEMBL233,Mu-type opioid receptor,CHEMBL68113,CHEMBL68113,CCN(CC)C(=O)c1ccc(/C(=C2/C[C@H]3CC[C@@H](C2)N3CCc2ccccc2)c2ccccc2)cc1,6.50,Ki,=,317.0,nM,CHEMBL756359,B,BAO_0000357,CHEMBL1147544,Bioorg Med Chem Lett,2004
CHEMBL233,Mu-type opioid receptor,CHEMBL67240,CHEMBL67240,CCNC(=O)c1ccc(C(=C2CC3CCC(C2)N3CC=C(C)C)c2cccc(OC)c2)cc1,8.69,Ki,=,2.04,nM,CHEMBL756359,B,BAO_0000357,CHEMBL1147544,Bioorg Med Chem Lett,2004
CHEMBL233,Mu-type opioid receptor,CHEMBL434018,CHEMBL434018,C=CCN1C2CCC1CC(=C(c1ccc(C(=O)NCC)cc1)c1cccc(O)c1)C2,8.02,Ki,=,9.58,nM,CHEMBL756359,B,BAO_0000357,CHEMBL1147544,Bioorg Med Chem Lett,2004
CHEMBL233,Mu-type opioid receptor,CHEMBL67790,CHEMBL67790,CCNC(=O)c1ccc(C(=C2CC3CCC(C2)N3Cc2cccs2)c2ccc(O)cc2)cc1,8.17,Ki,=,6.77,nM,CHEMBL756359,B,BAO_0000357,CHEMBL1147544,Bioorg Med Chem Lett,2004
CHEMBL233,Mu-type opioid receptor,CHEMBL303381,CHEMBL303381,CCNC(=O)c1ccc(C(=C2CC3CCC(C2)N3CCc2ccccc2)c2ccc(O)cc2)cc1,7.66,Ki,=,21.7,nM,CHEMBL756359,B,BAO_0000357,CHEMBL1147544,Bioorg Med Chem Lett,2004
CHEMBL233,Mu-type opioid receptor,CHEMBL1161422,CHEMBL1161422,Cc1cc(O)cc(C)c1C[C@H](N)[C@H](O)C/C=C/[C@@H](O)[C@@H](Cc1ccccc1)C(=O)NCCc1ccccc1,9.14,Ki,=,0.72,nM,CHEMBL753391,B,BAO_0000219,CHEMBL1145973,J Med Chem,2003
CHEMBL233,Mu-type opioid receptor,CHEMBL67123,CHEMBL67123,CCNC(=O)c1ccc(C(=C2CC3CCC(C2)N3CCc2ccccc2)c2ccc(OC)cc2)cc1,8.21,Ki,=,6.1,nM,CHEMBL756359,B,BAO_0000357,CHEMBL1147544,Bioorg Med Chem Lett,2004
CHEMBL233,Mu-type opioid receptor,CHEMBL68341,CHEMBL68341,CCNC(=O)c1ccc(/C(=C2\C[C@H]3CC[C@@H](C2)N3C)c2ccccc2)cc1,6.52,Ki,=,304.0,nM,CHEMBL756359,B,BAO_0000357,CHEMBL1147544,Bioorg Med Chem Lett,2004
CHEMBL233,Mu-type opioid receptor,CHEMBL610292,CHEMBL610292,Oc1ccc2c3c1O[C@H]1[C@H](Nc4ccccc4)CC[C@@]4(O)[C@@H](C2)N(CC2CC2)CC[C@]314,8.85,Ki,=,1.4,nM,CHEMBL843459,B,BAO_0000357,CHEMBL1127619,J Med Chem,1994
CHEMBL233,Mu-type opioid receptor,CHEMBL2369365,CHEMBL2369365,CC[C@H](C)[C@H](NC(=O)[C@H](CCCN=C(N)N)NC(=O)[C@H](CCCN=C(N)N)NC(=O)[C@H](CC(C)C)NC(=O)[C@H](Cc1ccccc1)NC(=O)[C@@H]1CCCN1C(=O)CNC(=O)[C@@H](N)Cc1ccc(O)cc1)C(=O)N[C@@H](CCCN=C(N)N)C(=O)N[C@H](CCCN=C(N)N)C(N)=O,5.63,Ki,=,2340.0,nM,CHEMBL754712,B,BAO_0000219,CHEMBL1144926,J Med Chem,2003
CHEMBL233,Mu-type opioid receptor,CHEMBL68358,CHEMBL68358,CCCCNC(=O)c1ccc(C(=C2CC3CCC(C2)N3CCc2ccccc2)c2ccccc2)cc1,7.66,Ki,=,21.7,nM,CHEMBL756359,B,BAO_0000357,CHEMBL1147544,Bioorg Med Chem Lett,2004
CHEMBL233,Mu-type opioid receptor,CHEMBL307525,CHEMBL307525,CCNC(=O)c1ccc(/C(=C2/C[C@H]3CC[C@@H](C2)N3)c2ccccc2)cc1,7.13,Ki,=,74.73,nM,CHEMBL756359,B,BAO_0000357,CHEMBL1147544,Bioorg Med Chem Lett,2004
CHEMBL233,Mu-type opioid receptor,CHEMBL407832,CHEMBL407832,CC[C@H](C)[C@H](NC(=O)[C@H](CCCN=C(N)N)NC(=O)[C@H](CCCN=C(N)N)NC(=O)[C@H](CC(C)C)NC(=O)[C@H](Cc1ccccc1)NC(=O)CNC(=O)CNC(=O)[C@@H](N)Cc1ccc(O)cc1)C(=O)N[C@@H](CCCN=C(N)N)C(=O)O,7.62,Ki,=,23.8,nM,CHEMBL754712,B,BAO_0000219,CHEMBL1144926,J Med Chem,2003
CHEMBL233,Mu-type opioid receptor,CHEMBL63188,CHEMBL63188,CC(C)C[C@H](NC(=O)[C@H](Cc1ccccc1)NC(=O)CNC(=O)CNC(=O)[C@@H](N)Cc1ccc(O)cc1)C(=O)N[C@@H](CCCN=C(N)N)C(=O)O,7.39,Ki,=,40.6,nM,CHEMBL754712,B,BAO_0000219,CHEMBL1144926,J Med Chem,2003
CHEMBL233,Mu-type opioid receptor,CHEMBL80,CHEMBL80,C=CCN1CC[C@]23c4c5ccc(O)c4O[C@H]2C(=O)CC[C@@]3(O)[C@H]1C5,8.44,Ki,=,3.63,nM,CHEMBL754712,B,BAO_0000219,CHEMBL1144926,J Med Chem,2003
CHEMBL233,Mu-type opioid receptor,CHEMBL2369370,CHEMBL2369370,CC(C)C[C@H](NC(=O)[C@H](Cc1ccccc1)NC(=O)[C@@H]1CCCN1C(=O)CNC(=O)[C@@H](N)Cc1ccc(O)cc1)C(=O)N[C@@H](CCCN=C(N)N)C(=O)N[C@@H](CCCN=C(N)N)C(=O)N[C@@H](CCCN=C(N)N)C(N)=O,5.51,Ki,=,3100.0,nM,CHEMBL754712,B,BAO_0000219,CHEMBL1144926,J Med Chem,2003
CHEMBL233,Mu-type opioid receptor,CHEMBL66741,CHEMBL66741,CCNC(=O)c1ccc(C(=C2CC3CCC(C2)N3Cc2cccs2)c2cccc(OC)c2)cc1,8.42,Ki,=,3.79,nM,CHEMBL756359,B,BAO_0000357,CHEMBL1147544,Bioorg Med Chem Lett,2004
CHEMBL233,Mu-type opioid receptor,CHEMBL293465,CHEMBL293465,CC(C)C[C@H](NC(=O)[C@H](Cc1ccccc1)NC(=O)CNC(=O)CNC(=O)[C@@H](N)Cc1ccc(O)cc1)C(=O)N[C@@H](CCCN=C(N)N)C(=O)N[C@@H](CCCN=C(N)N)C(=O)O,7.42,Ki,=,38.0,nM,CHEMBL754712,B,BAO_0000219,CHEMBL1144926,J Med Chem,2003
CHEMBL233,Mu-type opioid receptor,CHEMBL1161423,CHEMBL1161423,Cc1cc(O)cc(C)c1C[C@H](N)[C@@H](O)C/C=C/[C@H](O)[C@@H](Cc1ccccc1)C(=O)O[C@H](CO)Cc1ccccc1,9.36,Ki,=,0.44,nM,CHEMBL753391,B,BAO_0000219,CHEMBL1145973,J Med Chem,2003
CHEMBL233,Mu-type opioid receptor,CHEMBL110816,CHEMBL110816,CCC(=O)NCCc1ccc2[nH]c3c(c2c1)C[C@@]1(O)C2Cc4ccc(O)c5c4[C@@]1(CCN2CC1CC1)[C@H]3O5,7.64,Ki,=,22.97,nM,CHEMBL751571,B,BAO_0000219,CHEMBL1145106,J Med Chem,2003
CHEMBL233,Mu-type opioid receptor,CHEMBL326875,CHEMBL326875,CCCCC(=N)NCCc1ccc2[nH]c3c(c2c1)C[C@@]1(O)C2Cc4ccc(O)c5c4[C@@]1(CCN2CC1CC1)[C@H]3O5,6.66,Ki,=,219.16,nM,CHEMBL751571,B,BAO_0000219,CHEMBL1145106,J Med Chem,2003
CHEMBL233,Mu-type opioid receptor,CHEMBL573214,CHEMBL573214,Oc1ccc2c3c1O[C@H]1c4[nH]c5c(c4C[C@@]4(O)[C@@H](C2)N(CC2CC2)CC[C@]314)C[C@@]1(O)[C@H]2Cc3ccc(O)c4c3[C@@]1(CCN2CC1CC1)[C@H]5O4,7.68,Ki,=,21.0,nM,CHEMBL751571,B,BAO_0000219,CHEMBL1145106,J Med Chem,2003
CHEMBL233,Mu-type opioid receptor,CHEMBL107655,CHEMBL107655,CCCCNC(=O)NCCc1ccc2[nH]c3c(c2c1)C[C@@]1(O)C2Cc4ccc(O)c5c4[C@@]1(CCN2CC1CC1)[C@H]3O5,8.32,Ki,=,4.8,nM,CHEMBL751571,B,BAO_0000219,CHEMBL1145106,J Med Chem,2003
CHEMBL233,Mu-type opioid receptor,CHEMBL286411,CHEMBL286411,CC(C)C1CCC(N2CCC(N3C(=O)N[C@@H]4CCCC[C@H]43)CC2)CC1,6.02,Ki,=,959.0,nM,CHEMBL753236,B,BAO_0000219,CHEMBL1147615,Bioorg Med Chem Lett,2004
CHEMBL233,Mu-type opioid receptor,CHEMBL283301,CHEMBL283301,CCN1C(=O)N(C2CCN(Cc3ccc4ccccc4c3)CC2)[C@@H]2CCCC[C@H]21,6.70,Ki,=,199.0,nM,CHEMBL753236,B,BAO_0000219,CHEMBL1147615,Bioorg Med Chem Lett,2004
CHEMBL233,Mu-type opioid receptor,CHEMBL323987,CHEMBL323987,CCC(=N)NCCc1ccc2[nH]c3c(c2c1)C[C@@]1(O)C2Cc4ccc(O)c5c4[C@@]1(CCN2CC1CC1)[C@H]3O5,7.58,Ki,=,26.35,nM,CHEMBL751571,B,BAO_0000219,CHEMBL1145106,J Med Chem,2003
CHEMBL233,Mu-type opioid receptor,CHEMBL324644,CHEMBL324644,CCCCC(=O)NCCc1ccc2[nH]c3c(c2c1)C[C@@]1(O)C2Cc4ccc(O)c5c4[C@@]1(CCN2CC1CC1)[C@H]3O5,7.50,Ki,=,31.59,nM,CHEMBL751571,B,BAO_0000219,CHEMBL1145106,J Med Chem,2003
CHEMBL233,Mu-type opioid receptor,CHEMBL108938,CHEMBL108938,CCCC(=N)NCCc1ccc2[nH]c3c(c2c1)C[C@@]1(O)C2Cc4ccc(O)c5c4[C@@]1(CCN2CC1CC1)[C@H]3O5,7.39,Ki,=,40.79,nM,CHEMBL751571,B,BAO_0000219,CHEMBL1145106,J Med Chem,2003
CHEMBL233,Mu-type opioid receptor,CHEMBL106758,CHEMBL106758,CCC/N=C(\N)Cc1ccc2[nH]c3c(c2c1)C[C@@]1(O)C2Cc4ccc(O)c5c4[C@@]1(CCN2CC1CC1)[C@H]3O5,7.87,Ki,=,13.48,nM,CHEMBL751571,B,BAO_0000219,CHEMBL1145106,J Med Chem,2003
CHEMBL233,Mu-type opioid receptor,CHEMBL2113273,CHEMBL2113273,CCN1C(=O)N(C2CCN(C3CCC4CCCCC4C3)CC2)[C@@H]2CCCC[C@H]21,6.55,Ki,=,279.0,nM,CHEMBL753236,B,BAO_0000219,CHEMBL1147615,Bioorg Med Chem Lett,2004
CHEMBL233,Mu-type opioid receptor,CHEMBL27018,CHEMBL27018,CCN1C(=O)N(C2CCN(Cc3ccccc3)CC2)[C@@H]2CCCC[C@H]21,6.14,Ki,=,716.0,nM,CHEMBL753236,B,BAO_0000219,CHEMBL1147615,Bioorg Med Chem Lett,2004
CHEMBL233,Mu-type opioid receptor,CHEMBL323726,CHEMBL323726,CC(C)CC(=N)NCCc1ccc2[nH]c3c(c2c1)C[C@@]1(O)C2Cc4ccc(O)c5c4[C@@]1(CCN2CC1CC1)[C@H]3O5,7.32,Ki,=,47.4,nM,CHEMBL751571,B,BAO_0000219,CHEMBL1145106,J Med Chem,2003
CHEMBL233,Mu-type opioid receptor,CHEMBL323398,CHEMBL323398,CCCCCCNC(=O)NCCc1ccc2[nH]c3c(c2c1)C[C@@]1(O)C2Cc4ccc(O)c5c4[C@@]1(CCN2CC1CC1)[C@H]3O5,7.87,Ki,=,13.58,nM,CHEMBL751571,B,BAO_0000219,CHEMBL1145106,J Med Chem,2003
CHEMBL233,Mu-type opioid receptor,CHEMBL2113262,CHEMBL2113262,O=C1N[C@@H]2CCCC[C@H]2N1C1CCN(C2CCC3CCCCC3C2)CC1,6.68,Ki,=,208.0,nM,CHEMBL753236,B,BAO_0000219,CHEMBL1147615,Bioorg Med Chem Lett,2004
CHEMBL233,Mu-type opioid receptor,CHEMBL27539,CHEMBL27539,O=C1N[C@@H]2CCCC[C@H]2N1C1CCN(CCC(c2ccccc2)c2ccccc2)CC1,7.57,Ki,=,27.0,nM,CHEMBL753236,B,BAO_0000219,CHEMBL1147615,Bioorg Med Chem Lett,2004
CHEMBL233,Mu-type opioid receptor,CHEMBL432403,CHEMBL432403,CCCCCCC/N=C(\N)Cc1ccc2[nH]c3c(c2c1)C[C@@]1(O)C2Cc4ccc(O)c5c4[C@@]1(CCN2CC1CC1)[C@H]3O5,7.25,Ki,=,56.62,nM,CHEMBL751571,B,BAO_0000219,CHEMBL1145106,J Med Chem,2003
CHEMBL233,Mu-type opioid receptor,CHEMBL109009,CHEMBL109009,O=C(NCCCCc1ccccc1)c1ccc2[nH]c3c(c2c1)C[C@@]1(O)C2Cc4ccc(O)c5c4[C@@]1(CCN2CC1CC1)[C@H]3O5,7.43,Ki,=,37.05,nM,CHEMBL751571,B,BAO_0000219,CHEMBL1145106,J Med Chem,2003
CHEMBL233,Mu-type opioid receptor,CHEMBL284217,CHEMBL284217,O=C1N[C@@H]2CCCC[C@H]2N1C1CCN(C2CCCCCCC2)CC1,5.85,Ki,=,1402.0,nM,CHEMBL753236,B,BAO_0000219,CHEMBL1147615,Bioorg Med Chem Lett,2004
CHEMBL233,Mu-type opioid receptor,CHEMBL91683,CHEMBL91683,CC(=N)NCCc1ccc2[nH]c3c(c2c1)C[C@@]1(O)C2Cc4ccc(O)c5c4[C@@]1(CCN2CC1CC1)[C@H]3O5,7.65,Ki,=,22.32,nM,CHEMBL751571,B,BAO_0000219,CHEMBL1145106,J Med Chem,2003
CHEMBL233,Mu-type opioid receptor,CHEMBL108024,CHEMBL108024,CCCCCCCNC(=O)c1ccc2[nH]c3c(c2c1)C[C@@]1(O)C2Cc4ccc(O)c5c4[C@@]1(CCN2CC1CC1)[C@H]3O5,7.21,Ki,=,61.91,nM,CHEMBL751571,B,BAO_0000219,CHEMBL1145106,J Med Chem,2003
CHEMBL233,Mu-type opioid receptor,CHEMBL108083,CHEMBL108083,O=C(NCCc1ccccc1)c1ccc2[nH]c3c(c2c1)C[C@@]1(O)C2Cc4ccc(O)c5c4[C@@]1(CCN2CC1CC1)[C@H]3O5,7.63,Ki,=,23.53,nM,CHEMBL751571,B,BAO_0000219,CHEMBL1145106,J Med Chem,2003
CHEMBL233,Mu-type opioid receptor,CHEMBL280778,CHEMBL280778,O=C1N[C@@H]2CCCC[C@H]2N1C1CCN(CC2CCCCCCC2)CC1,5.97,Ki,=,1071.0,nM,CHEMBL753236,B,BAO_0000219,CHEMBL1147615,Bioorg Med Chem Lett,2004
CHEMBL233,Mu-type opioid receptor,CHEMBL281322,CHEMBL281322,CCN1C(=O)N(C2CCN(C(C)CCC(C)C)CC2)[C@@H]2CCCC[C@H]21,6.40,Ki,=,395.0,nM,CHEMBL753236,B,BAO_0000219,CHEMBL1147615,Bioorg Med Chem Lett,2004
CHEMBL233,Mu-type opioid receptor,CHEMBL29571,CHEMBL29571,O=C1N[C@@H]2CCCC[C@H]2N1C1CCN(Cc2ccc3ccccc3c2)CC1,5.91,Ki,=,1237.0,nM,CHEMBL753236,B,BAO_0000219,CHEMBL1147615,Bioorg Med Chem Lett,2004
CHEMBL233,Mu-type opioid receptor,CHEMBL110487,CHEMBL110487,CCCC(=O)NCCc1ccc2[nH]c3c(c2c1)C[C@@]1(O)C2Cc4ccc(O)c5c4[C@@]1(CCN2CC1CC1)[C@H]3O5,7.51,Ki,=,30.97,nM,CHEMBL751571,B,BAO_0000219,CHEMBL1145106,J Med Chem,2003
CHEMBL233,Mu-type opioid receptor,CHEMBL110894,CHEMBL110894,CCCCC/N=C(\N)Cc1ccc2[nH]c3c(c2c1)C[C@@]1(O)C2Cc4ccc(O)c5c4[C@@]1(CCN2CC1CC1)[C@H]3O5,7.60,Ki,=,25.29,nM,CHEMBL751571,B,BAO_0000219,CHEMBL1145106,J Med Chem,2003
CHEMBL233,Mu-type opioid receptor,CHEMBL282376,CHEMBL282376,CCCC1CCC(N2CCC(N3C(=O)N(CC)[C@@H]4CCCC[C@H]43)CC2)CC1,5.67,Ki,=,2165.0,nM,CHEMBL753236,B,BAO_0000219,CHEMBL1147615,Bioorg Med Chem Lett,2004
CHEMBL233,Mu-type opioid receptor,CHEMBL418197,CHEMBL418197,CCN1C(=O)N(C2CCN(CCC(c3ccccc3)c3ccccc3)CC2)[C@@H]2CCCC[C@H]21,6.57,Ki,=,267.0,nM,CHEMBL753236,B,BAO_0000219,CHEMBL1147615,Bioorg Med Chem Lett,2004
CHEMBL233,Mu-type opioid receptor,CHEMBL431060,CHEMBL431060,COc1ccc(CNC(=O)c2ccc3[nH]c4c(c3c2)C[C@@]2(O)C3Cc5ccc(O)c6c5[C@@]2(CCN3CC2CC2)[C@H]4O6)cc1,8.33,Ki,=,4.64,nM,CHEMBL751571,B,BAO_0000219,CHEMBL1145106,J Med Chem,2003
CHEMBL233,Mu-type opioid receptor,CHEMBL111530,CHEMBL111530,O=C(NCc1ccccc1)c1ccc2[nH]c3c(c2c1)C[C@@]1(O)C2Cc4ccc(O)c5c4[C@@]1(CCN2CC1CC1)[C@H]3O5,7.36,Ki,=,43.95,nM,CHEMBL751571,B,BAO_0000219,CHEMBL1145106,J Med Chem,2003
CHEMBL233,Mu-type opioid receptor,CHEMBL26909,CHEMBL26909,CC(C)CCC(C)N1CCC(N2C(=O)N[C@@H]3CCCC[C@H]32)CC1,6.37,Ki,=,426.0,nM,CHEMBL753236,B,BAO_0000219,CHEMBL1147615,Bioorg Med Chem Lett,2004
CHEMBL233,Mu-type opioid receptor,CHEMBL26681,CHEMBL26681,CCCC1CCC(N2CCC(N3C(=O)N[C@@H]4CCCC[C@H]43)CC2)CC1,6.36,Ki,=,435.0,nM,CHEMBL753236,B,BAO_0000219,CHEMBL1147615,Bioorg Med Chem Lett,2004
CHEMBL233,Mu-type opioid receptor,CHEMBL321408,CHEMBL321408,CCNC(=O)NCCc1ccc2[nH]c3c(c2c1)C[C@@]1(O)C2Cc4ccc(O)c5c4[C@@]1(CCN2CC1CC1)[C@H]3O5,7.42,Ki,=,37.64,nM,CHEMBL751571,B,BAO_0000219,CHEMBL1145106,J Med Chem,2003
CHEMBL233,Mu-type opioid receptor,CHEMBL26464,CHEMBL26464,CCN1C(=O)N(C2CCN(C3CCCCCCC3)CC2)[C@@H]2CCCC[C@H]21,6.04,Ki,=,909.0,nM,CHEMBL753236,B,BAO_0000219,CHEMBL1147615,Bioorg Med Chem Lett,2004
CHEMBL233,Mu-type opioid receptor,CHEMBL282195,CHEMBL282195,CCN1C(=O)N(C2CCN(C3CCC(C(C)C)CC3)CC2)[C@@H]2CCCC[C@H]21,6.38,Ki,=,421.0,nM,CHEMBL753236,B,BAO_0000219,CHEMBL1147615,Bioorg Med Chem Lett,2004
CHEMBL233,Mu-type opioid receptor,CHEMBL169552,CHEMBL169552,CO[C@@]12CCC3(C[C@H]1[C@@](C)(O)C(C)(C)C)[C@H]1Cc4ccc(O)c5c4C3(CCN1C)[C@H]2O5,9.22,Ki,=,0.6,nM,CHEMBL841684,B,BAO_0000219,CHEMBL1132136,Bioorg Med Chem Lett,1999
CHEMBL233,Mu-type opioid receptor,CHEMBL29953,CHEMBL29953,CCN1C(=O)N(C2CCN(CC3CCCCCCC3)CC2)[C@@H]2CCCC[C@H]21,6.35,Ki,=,448.0,nM,CHEMBL753236,B,BAO_0000219,CHEMBL1147615,Bioorg Med Chem Lett,2004
CHEMBL233,Mu-type opioid receptor,CHEMBL117319,CHEMBL117319,CCCN1CC[C@@]2(C)c3cc(O)ccc3CC1[C@H]2C,6.03,Ki,=,943.0,nM,CHEMBL746681,B,BAO_0000249,CHEMBL1127360,J Med Chem,1994
CHEMBL233,Mu-type opioid receptor,CHEMBL117183,CHEMBL117183,CCCCCN1CC[C@]2(C)c3cc(O)ccc3CC1[C@@H]2C,7.82,Ki,=,15.0,nM,CHEMBL746681,B,BAO_0000249,CHEMBL1127360,J Med Chem,1994
CHEMBL233,Mu-type opioid receptor,CHEMBL114203,CHEMBL114203,C[C@H]1C2Cc3ccc(O)cc3[C@@]1(C)CCN2,7.27,Ki,=,54.0,nM,CHEMBL746681,B,BAO_0000249,CHEMBL1127360,J Med Chem,1994
CHEMBL233,Mu-type opioid receptor,CHEMBL114123,CHEMBL114123,CCCCCCN1CC[C@]2(C)c3cc(O)ccc3CC1[C@@H]2C,7.41,Ki,=,39.0,nM,CHEMBL746681,B,BAO_0000249,CHEMBL1127360,J Med Chem,1994
CHEMBL233,Mu-type opioid receptor,CHEMBL114358,CHEMBL114358,CCCCCCCN1CC[C@]2(C)c3cc(O)ccc3CC1[C@@H]2C,7.57,Ki,=,27.0,nM,CHEMBL746681,B,BAO_0000249,CHEMBL1127360,J Med Chem,1994
CHEMBL233,Mu-type opioid receptor,CHEMBL324505,CHEMBL324505,CCCCCCCCCCN1CC[C@]2(C)c3cc(O)ccc3CC1[C@H]2C,6.12,Ki,=,756.0,nM,CHEMBL746681,B,BAO_0000249,CHEMBL1127360,J Med Chem,1994
CHEMBL233,Mu-type opioid receptor,CHEMBL115998,CHEMBL115998,CCCCCCCN1CC[C@]2(C)c3cc(O)ccc3CC1[C@H]2C,6.59,Ki,=,259.0,nM,CHEMBL746681,B,BAO_0000249,CHEMBL1127360,J Med Chem,1994
CHEMBL233,Mu-type opioid receptor,CHEMBL325052,CHEMBL325052,CCN1CC[C@@]2(C)c3cc(O)ccc3CC1[C@H]2C,5.38,Ki,=,4186.0,nM,CHEMBL746681,B,BAO_0000249,CHEMBL1127360,J Med Chem,1994
CHEMBL233,Mu-type opioid receptor,CHEMBL116643,CHEMBL116643,CCCCCCN1CC[C@@]2(C)c3cc(O)ccc3CC1[C@H]2C,6.50,Ki,=,318.0,nM,CHEMBL746681,B,BAO_0000249,CHEMBL1127360,J Med Chem,1994
CHEMBL233,Mu-type opioid receptor,CHEMBL113703,CHEMBL113703,CCCCN1CC[C@]2(C)c3cc(O)ccc3CC1[C@@H]2C,8.47,Ki,=,3.4,nM,CHEMBL746681,B,BAO_0000249,CHEMBL1127360,J Med Chem,1994
CHEMBL233,Mu-type opioid receptor,CHEMBL115917,CHEMBL115917,C[C@H]1C2Cc3ccc(O)cc3[C@@]1(C)CCN2C,8.38,Ki,=,4.2,nM,CHEMBL746681,B,BAO_0000249,CHEMBL1127360,J Med Chem,1994
CHEMBL233,Mu-type opioid receptor,CHEMBL326548,CHEMBL326548,CCCCCCCCCN1CC[C@]2(C)c3cc(O)ccc3CC1[C@@H]2C,6.74,Ki,=,183.0,nM,CHEMBL746681,B,BAO_0000249,CHEMBL1127360,J Med Chem,1994
CHEMBL233,Mu-type opioid receptor,CHEMBL116738,CHEMBL116738,CCCCCCCCN1CC[C@]2(C)c3cc(O)ccc3CC1[C@@H]2C,7.23,Ki,=,59.0,nM,CHEMBL746681,B,BAO_0000249,CHEMBL1127360,J Med Chem,1994
CHEMBL233,Mu-type opioid receptor,CHEMBL326103,CHEMBL326103,CCN1CC[C@]2(C)c3cc(O)ccc3CC1[C@@H]2C,7.80,Ki,=,16.0,nM,CHEMBL746681,B,BAO_0000249,CHEMBL1127360,J Med Chem,1994
CHEMBL233,Mu-type opioid receptor,CHEMBL324392,CHEMBL324392,CCCCCN1CC[C@@]2(C)c3cc(O)ccc3CC1[C@H]2C,6.11,Ki,=,776.0,nM,CHEMBL746681,B,BAO_0000249,CHEMBL1127360,J Med Chem,1994
CHEMBL233,Mu-type opioid receptor,CHEMBL114163,CHEMBL114163,CCCCCCCCN1CC[C@]2(C)c3cc(O)ccc3CC1[C@H]2C,6.80,Ki,=,160.0,nM,CHEMBL746681,B,BAO_0000249,CHEMBL1127360,J Med Chem,1994
CHEMBL233,Mu-type opioid receptor,CHEMBL117321,CHEMBL117321,CCCCCCCCCN1CC[C@]2(C)c3cc(O)ccc3CC1[C@H]2C,6.90,Ki,=,126.0,nM,CHEMBL746681,B,BAO_0000249,CHEMBL1127360,J Med Chem,1994
CHEMBL233,Mu-type opioid receptor,CHEMBL117128,CHEMBL117128,C[C@@H]1C2Cc3ccc(O)cc3[C@]1(C)CCN2C,5.86,Ki,=,1378.0,nM,CHEMBL746681,B,BAO_0000249,CHEMBL1127360,J Med Chem,1994
CHEMBL233,Mu-type opioid receptor,CHEMBL116354,CHEMBL116354,CCCCCCCCCCN1CC[C@]2(C)c3cc(O)ccc3CC1[C@@H]2C,6.00,Ki,=,997.0,nM,CHEMBL746681,B,BAO_0000249,CHEMBL1127360,J Med Chem,1994
CHEMBL233,Mu-type opioid receptor,CHEMBL326571,CHEMBL326571,CCCCN1CC[C@@]2(C)c3cc(O)ccc3CC1[C@H]2C,5.91,Ki,=,1241.0,nM,CHEMBL746681,B,BAO_0000249,CHEMBL1127360,J Med Chem,1994
CHEMBL233,Mu-type opioid receptor,CHEMBL117379,CHEMBL117379,CCCN1CC[C@]2(C)c3cc(O)ccc3CC1[C@@H]2C,8.82,Ki,=,1.5,nM,CHEMBL746681,B,BAO_0000249,CHEMBL1127360,J Med Chem,1994
CHEMBL233,Mu-type opioid receptor,CHEMBL326370,CHEMBL326370,C[C@@H]1C2Cc3ccc(O)cc3[C@]1(C)CCN2,5.76,Ki,=,1721.0,nM,CHEMBL746681,B,BAO_0000249,CHEMBL1127360,J Med Chem,1994
CHEMBL233,Mu-type opioid receptor,CHEMBL2112373,CHEMBL2112373,N=C(N)NCCc1ccc2[nH]c3c(c2c1)C[C@@]1(O)[C@H]2Cc4ccc(O)c5c4[C@@]1(CCN2CC1CC1)[C@H]3O5,8.24,Ki,=,5.69,nM,CHEMBL753390,B,BAO_0000219,CHEMBL1145928,J Med Chem,2003
CHEMBL233,Mu-type opioid receptor,CHEMBL610799,CHEMBL610799,CCCN/C(=N\CC1CC1)Nc1ccc2[nH]c3c(c2c1)C[C@@]1(O)[C@H]2Cc4ccc(O)c5c4[C@@]1(CCN2CC1CC1)[C@H]3O5,7.65,Ki,=,22.44,nM,CHEMBL753390,B,BAO_0000219,CHEMBL1145928,J Med Chem,2003
CHEMBL233,Mu-type opioid receptor,CHEMBL610040,CHEMBL610040,N/C(=N/Cc1cccc(O)c1)Nc1ccc2[nH]c3c(c2c1)C[C@@]1(O)[C@H]2Cc4ccc(O)c5c4[C@@]1(CCN2CC1CC1)[C@H]3O5,7.85,Ki,=,14.16,nM,CHEMBL753390,B,BAO_0000219,CHEMBL1145928,J Med Chem,2003
CHEMBL233,Mu-type opioid receptor,CHEMBL610032,CHEMBL610032,N/C(=N/Cc1ccc([N+](=O)[O-])cc1)Nc1ccc2[nH]c3c(c2c1)C[C@@]1(O)[C@H]2Cc4ccc(O)c5c4[C@@]1(CCN2CC1CC1)[C@H]3O5,7.58,Ki,=,26.28,nM,CHEMBL753390,B,BAO_0000219,CHEMBL1145928,J Med Chem,2003
CHEMBL233,Mu-type opioid receptor,CHEMBL610034,CHEMBL610034,CCCC/N=C(\NCCCC)Nc1ccc2[nH]c3c(c2c1)C[C@@]1(O)[C@H]2Cc4ccc(O)c5c4[C@@]1(CCN2CC1CC1)[C@H]3O5,7.74,Ki,=,18.27,nM,CHEMBL753390,B,BAO_0000219,CHEMBL1145928,J Med Chem,2003
CHEMBL233,Mu-type opioid receptor,CHEMBL2112374,CHEMBL2112374,N=C(N)NCc1ccc2[nH]c3c(c2c1)C[C@@]1(O)[C@H]2Cc4ccc(O)c5c4[C@@]1(CCN2CC1CC1)[C@H]3O5,7.43,Ki,=,36.9,nM,CHEMBL753390,B,BAO_0000219,CHEMBL1145928,J Med Chem,2003
CHEMBL233,Mu-type opioid receptor,CHEMBL610038,CHEMBL610038,N/C(=N\CCc1ccc2[nH]c3c(c2c1)C[C@@]1(O)[C@H]2Cc4ccc(O)c5c4[C@@]1(CCN2CC1CC1)[C@H]3O5)NCc1ccc(N)cc1,8.11,Ki,=,7.78,nM,CHEMBL753390,B,BAO_0000219,CHEMBL1145928,J Med Chem,2003
CHEMBL233,Mu-type opioid receptor,CHEMBL610033,CHEMBL610033,N/C(=N\CCc1ccc2[nH]c3c(c2c1)C[C@@]1(O)[C@H]2Cc4ccc(O)c5c4[C@@]1(CCN2CC1CC1)[C@H]3O5)NCc1ccc([N+](=O)[O-])cc1,8.04,Ki,=,9.21,nM,CHEMBL753390,B,BAO_0000219,CHEMBL1145928,J Med Chem,2003
CHEMBL233,Mu-type opioid receptor,CHEMBL610037,CHEMBL610037,Oc1ccc2c3c1O[C@H]1c4[nH]c5ccc(N/C(=N/CC6CC6)NCc6ccccc6)cc5c4C[C@@]4(O)[C@@H](C2)N(CC2CC2)CC[C@]314,7.75,Ki,=,17.73,nM,CHEMBL753390,B,BAO_0000219,CHEMBL1145928,J Med Chem,2003
CHEMBL233,Mu-type opioid receptor,CHEMBL610036,CHEMBL610036,N/C(=N/Cc1ccc(O)cc1)Nc1ccc2[nH]c3c(c2c1)C[C@@]1(O)[C@H]2Cc4ccc(O)c5c4[C@@]1(CCN2CC1CC1)[C@H]3O5,7.83,Ki,=,14.67,nM,CHEMBL753390,B,BAO_0000219,CHEMBL1145928,J Med Chem,2003
CHEMBL233,Mu-type opioid receptor,CHEMBL610044,CHEMBL610044,N/C(=N/Cc1ccc(N)cc1)Nc1ccc2[nH]c3c(c2c1)C[C@@]1(O)[C@H]2Cc4ccc(O)c5c4[C@@]1(CCN2CC1CC1)[C@H]3O5,8.10,Ki,=,7.89,nM,CHEMBL753390,B,BAO_0000219,CHEMBL1145928,J Med Chem,2003
CHEMBL233,Mu-type opioid receptor,CHEMBL573214,CHEMBL573214,Oc1ccc2c3c1O[C@H]1c4[nH]c5c(c4C[C@@]4(O)[C@@H](C2)N(CC2CC2)CC[C@]314)C[C@@]1(O)[C@H]2Cc3ccc(O)c4c3[C@@]1(CCN2CC1CC1)[C@H]5O4,7.68,Ki,=,21.0,nM,CHEMBL753390,B,BAO_0000219,CHEMBL1145928,J Med Chem,2003
CHEMBL233,Mu-type opioid receptor,CHEMBL1237044,CHEMBL1237044,COc1cccc(C2(O)CCCCC2CN(C)C)c1,5.70,Ki,=,2000.0,nM,CHEMBL756361,F,BAO_0000019,CHEMBL1132713,J Med Chem,1999
CHEMBL233,Mu-type opioid receptor,CHEMBL610041,CHEMBL610041,N/C(=N\CCc1ccc2[nH]c3c(c2c1)C[C@@]1(O)[C@H]2Cc4ccc(O)c5c4[C@@]1(CCN2CC1CC1)[C@H]3O5)NCc1ccc(Cl)cc1,8.11,Ki,=,7.74,nM,CHEMBL753390,B,BAO_0000219,CHEMBL1145928,J Med Chem,2003
CHEMBL233,Mu-type opioid receptor,CHEMBL610039,CHEMBL610039,CCCC/N=C(\NCCCC)NCCc1ccc2[nH]c3c(c2c1)C[C@@]1(O)[C@H]2Cc4ccc(O)c5c4[C@@]1(CCN2CC1CC1)[C@H]3O5,8.10,Ki,=,7.89,nM,CHEMBL753390,B,BAO_0000219,CHEMBL1145928,J Med Chem,2003
CHEMBL233,Mu-type opioid receptor,CHEMBL610043,CHEMBL610043,N/C(=N/Cc1ccccc1)Nc1ccc2[nH]c3c(c2c1)C[C@@]1(O)[C@H]2Cc4ccc(O)c5c4[C@@]1(CCN2CC1CC1)[C@H]3O5,7.98,Ki,=,10.47,nM,CHEMBL753390,B,BAO_0000219,CHEMBL1145928,J Med Chem,2003
